Year Drafted,GP,MIN,PTS,FGM,FGA,FG%,3P Made,3PA,3P%,FTM,FTA,FT%,OREB,DREB,REB,AST,STL,BLK,TOV,EFF
2016,36,27.4,7.4,2.6,7.6,34.7,0.5,2.1,25,1.6,2.3,69.9,0.7,3.4,4.1,1.9,0.4,0.4,1.3,7.3
2016,35,26.9,7.2,2,6.7,29.6,0.7,2.8,23.5,2.6,3.4,76.5,0.5,2,2.4,3.7,1.1,0.5,1.6,7.9
2016,30,25.7,5.8,2.1,5.3,40,0.8,2.6,32.5,0.7,1,72.4,1.5,2,3.5,1.5,0.7,0.3,0.7,7.5
2016,22,24.8,18.9,6.2,13.4,46.4,1.2,3,38.8,5.3,6.8,77.3,2,5.4,7.3,1.9,0.8,2.4,3.8,18.8
2016,32,24.1,9.5,3.5,9,38.7,1.3,3.6,35.1,1.3,1.7,77.4,1.2,4.7,5.9,1.7,0.5,0.2,1.8,10.1
2016,32,22.9,8.3,3.2,6.9,46.2,0.9,2.1,44.1,0.9,1.1,85.7,0.4,2.1,2.5,3.6,1,0.1,1.5,10.1
2016,33,22.8,5.2,1.9,4.6,40.5,0.9,2.8,32.3,0.6,0.8,76,0.7,2.2,2.8,1,0.6,0.3,0.7,6.3
2016,25,22.6,6.7,2.6,6.4,41.3,0.5,1.8,28.3,0.9,1.2,76.7,0.2,2,2.2,3,0.7,0.5,2.2,6.9
2016,34,21.1,6.4,2.6,6,43.9,1,2.4,39.8,0.1,0.2,57.1,0.5,3.1,3.6,1.3,0.6,0.5,1.1,7.7
2016,33,20.7,8.4,3,7.9,37.8,1.4,4.1,34.3,1,1.3,81,0.6,2.1,2.7,1.8,0.5,0.3,1.3,7.3
2016,35,19.3,8.6,3.3,8.4,39.5,1.5,4.1,35.2,0.5,0.6,90.5,0.3,2.2,2.5,1.2,0.3,0.1,0.9,6.7
2016,32,17.8,5.1,2.3,4.3,52.5,0,0.1,0,0.5,0.7,77.3,1.3,2.2,3.5,0.4,0.5,0.8,0.7,7.4
2016,24,17.4,5.3,2.1,5.1,41.8,0.4,1.7,24.4,0.6,1,60,0.3,1.6,1.8,0.8,1,0.4,1.1,4.8
2016,34,17.1,7,2.7,6.3,42.7,0.6,2.1,31,1,1.7,59.6,1.1,2.2,3.3,0.5,0.5,0.5,1.2,6.2
2016,33,16.9,4.1,1.5,4.1,37.3,0.3,0.9,29,0.8,1.2,62.5,0.4,1.9,2.2,2.4,1,0.3,1.2,5.8
2016,33,16.4,5.3,2,5.3,37.1,0.2,1.4,17.4,1.1,1.3,86,0.2,1.5,1.6,2.8,0.4,0,1.5,5.1
2016,33,15.6,3,1.3,4,31.8,0.2,1.1,16.7,0.3,0.5,52.9,0.4,1,1.4,2.5,0.4,0.1,0.7,3.7
2016,12,15.5,4.7,1.6,4.4,35.8,0.8,2.6,32.3,0.7,1,66.7,0.3,2.3,2.6,1.3,0.9,0.2,0.6,5.9
2016,23,14.7,3.1,1.3,3.2,39.7,0.1,0.8,10.5,0.5,0.7,64.7,0.4,1.1,1.5,2.2,0.5,0,0.9,4.2
2016,11,13.7,4.8,1.5,3.7,41.5,0.3,1.4,20,1.5,1.6,88.9,0.2,0.7,0.9,0.8,0.5,0.1,0.2,4.5
2016,27,13.7,5.6,1.9,4.9,37.9,1.3,3.6,35.1,0.7,0.7,90,0.3,0.9,1.2,0.4,0.4,0.1,0.6,3.9
2016,28,13.6,5.5,2.3,4.1,56,0.1,0.2,33.3,0.8,1.1,71.9,1.5,3.2,4.7,0.8,0.3,0.5,1.2,8.5
2016,22,13.5,3.5,1.2,3.8,31.3,0.1,0.8,11.1,1,1.3,82.1,0.3,1.1,1.5,2.1,0.6,0.3,1.3,3.8
2016,34,13.4,4.9,1.9,4.4,44.6,0.4,1.1,31.6,0.7,1.1,63.2,0.6,1.2,1.8,0.6,0.3,0.3,0.6,4.6
2016,27,12.4,3.3,1.3,3.2,40.7,0.7,2.1,33.9,0,0.2,16.7,0.3,1.8,2,0.4,0.3,0.5,0.7,3.8
2016,26,12.2,2.8,1.1,2.8,38.9,0.6,1.5,37.5,0.1,0.2,50,0.3,0.8,1,1,0.4,0.3,0.6,3.2
2016,15,11,2.4,0.9,2.2,42.4,0,0,0,0.5,1.1,47.1,1.5,1.5,3.1,0.3,0.4,0.3,0.3,4.3
2016,15,11,5.4,1.8,4.1,43.5,0.3,0.6,44.4,1.5,2,76.7,0.1,1.1,1.3,1.9,0.4,0.2,0.7,5.7
2016,27,10.8,4.4,1.6,3.8,40.8,0.7,2,37,0.5,0.7,77.8,0.5,0.8,1.3,0.8,0.4,0.1,0.5,4.2
2016,23,10.7,3.4,1,2.4,43.6,0.5,1.2,40.7,0.9,1.3,64.5,0.6,1.8,2.4,0.4,0.3,0.3,0.3,4.7
2016,22,10.6,2.5,0.8,3,27.7,0.5,1.9,26.2,0.3,0.4,87.5,0,1.6,1.6,0.5,0.3,0.1,0.4,2.3
2016,20,10,3.4,1.2,3.1,39.3,0.4,1.2,29.2,0.6,0.7,85.7,0.2,1.8,2,0.7,0.3,0.3,0.7,4
2015,82,32,18.3,7.6,14.1,54.2,0.4,1.1,34.1,2.7,3.4,81.1,2.8,7.7,10.5,2,0.7,1.7,2.2,23.8
2015,68,30.4,12.8,4.8,13.3,36.4,1.1,3.4,31.9,2.1,3.1,67,0.5,2.9,3.4,5.5,1,0.5,3.2,10.5
2015,53,30,17.5,7.5,14.7,50.8,0,0.1,16.7,2.5,3.7,68.6,2.3,4.7,7,1.2,0.4,1.1,2.3,16.6
2015,78,28.6,6.4,2.5,5.9,42.2,0.4,1.5,27.6,1,1.5,68.4,1,4.1,5.2,1.5,0.9,0.3,1.2,9.2
2015,72,28.4,14.3,5.2,12.3,42.1,1.1,3.4,33.3,2.8,3.3,83.8,1.8,5.5,7.3,1.3,0.7,1.9,1.7,16.1
2015,80,28.2,13.2,4.9,12,41,1.6,4.6,35.1,1.8,2.4,73.7,0.6,2.8,3.4,3.3,1.2,0.2,2.5,11.1
2015,76,27.7,13.8,4.8,11.4,42.3,1.3,3.8,34.3,2.8,3.4,84,0.4,2.1,2.5,2.6,0.6,0.3,2.1,10.5
2015,73,23.1,8.1,3.1,8.2,37.5,0.9,2.8,30.7,1.1,1.4,78.4,0.8,3.4,4.2,1.6,0.8,0.2,1.6,7.8
2015,60,22.8,10.3,4.4,8.8,49.8,0.1,0.2,21.4,1.5,2,72.7,1.1,4.4,5.5,0.7,0.4,1.4,1.1,12.3
2015,80,21.7,10,3.8,7.5,51.2,0.4,1.1,33.3,1.9,2.4,81.1,2.3,4.7,7,2.4,1,0.6,1.3,15.5
2015,66,21.4,7,2.9,5.1,56.3,0,0,0,1.2,1.9,64.8,2,3.3,5.3,0.6,0.7,1,0.7,11
2015,52,21.3,6.6,2.4,5.2,45.2,1,2.2,46.1,0.8,1.2,66.7,0.4,1.7,2.1,1.4,0.7,0.5,0.7,7.3
2015,29,21.2,5.8,2.2,4.8,45.7,0.1,0.5,28.6,1.3,1.8,71.2,1.3,4,5.3,1.5,1.3,0.6,0.9,10.4
2015,81,21.1,7.5,2.7,6.5,41,0.8,2.5,33.7,1.3,1.8,73,0.9,3.3,4.1,1.2,0.5,0.5,0.7,8.8
2015,29,20.7,4,1.3,4.3,31,0.7,2.4,28.6,0.6,0.7,85,0.3,2.1,2.4,0.7,0.5,0.2,0.5,4.1
2015,63,20.1,5.5,2.5,4.8,52.7,0,0.2,10,0.5,0.7,68.1,1.6,3.3,5,0.7,0.9,0.4,0.7,9.3
2015,81,19.8,6.1,2.7,5.7,47,0.4,1.1,34.8,0.3,0.5,63.4,0.5,2.6,3.1,4.5,1.2,0.1,1.7,10
2015,81,18.5,5.9,2.2,5.2,43.1,0.8,2,39.5,0.6,0.9,74.3,0.2,1.3,1.5,2.1,0.8,0,1.4,5.8
2015,60,17.9,5.1,1.8,3.9,46.8,0.8,2.1,38.4,0.7,0.9,72.7,0.8,2.7,3.5,1.4,0.4,0.3,0.8,7.7
2015,79,17.9,6.1,2.3,5.3,43.3,0.8,2.4,34.9,0.6,0.7,90.7,0.4,1.9,2.2,1.4,0.5,0.2,1.2,6.1
2015,62,17.8,7,3,7,42.7,0.3,0.8,30.8,0.8,1.1,72.7,2,3.5,5.4,0.8,0.4,0.3,0.9,8.9
2015,80,17.3,6.1,2.4,5.5,43.8,0.6,1.6,38.3,0.7,1,69.5,0.7,3,3.7,0.7,0.3,0.2,0.8,6.9
2015,76,16.6,5.6,2,5.1,39.4,0.3,1.3,22,1.3,1.6,78,0.3,1.6,1.9,2.3,0.7,0.1,1.1,6
2015,53,16.4,4.5,1.8,4.3,42.2,0.3,1.2,26.2,0.5,0.5,93.1,0.3,1.4,1.7,3.4,0.5,0.1,1.5,6.2
2015,37,15.5,4.2,1.5,4.2,35.9,0.4,1.4,30.2,0.8,1.1,71.8,0.2,1.1,1.3,2.9,0.8,0.1,0.9,5.4
2015,24,15.1,4.7,1.8,4.5,40.4,0.5,1.4,38.2,0.5,1,47.8,1,1.8,2.8,0.4,1.2,0.5,0.6,5.7
2015,49,14.8,5.6,2,4.7,42.4,0.7,1.8,40.4,0.9,1.1,81.1,0.3,1.9,2.3,1,0.6,0.2,0.7,6
2015,55,14.8,6,2.2,4.4,50.4,0.3,0.9,38.3,1.3,1.7,75,0.3,1.5,1.7,1.1,0.4,0.1,1,5.8
2015,70,14.3,3.1,1.2,3.8,30.5,0.6,2.1,29.3,0.2,0.2,80,0.2,1.1,1.3,0.6,0.4,0.2,0.4,2.5
2015,27,14.1,5.7,2,4.3,46.6,0,0.1,0,1.7,2.3,72.6,1.4,1.7,3.2,0.6,0.3,0.3,0.7,6.3
2015,51,13.8,5.6,2.2,4.4,51.4,0.2,0.9,18.2,1,1.5,68.9,1.2,1.4,2.6,0.6,0.4,0.8,0.6,6.9
2015,57,12.2,5,2,4.9,41,0.6,1.9,32.4,0.3,0.4,79.2,0.2,1.3,1.5,1.9,0.6,0.1,0.8,5.4
2015,55,11.8,3.8,1.3,3.2,40.6,0.4,1.5,26.5,0.8,1,80,0.3,2.1,2.4,0.5,0.3,0.5,0.4,5
2015,34,11.7,3.7,1.4,2.3,62.8,0,0,0,0.8,1.4,58.7,1.2,2.4,3.6,0.3,0.2,1.1,0.7,6.8
2015,35,11.3,2.4,0.8,2.3,35,0.3,1.4,24.5,0.5,0.6,72.7,0.1,1.3,1.4,1.1,0.3,0.1,0.7,2.9
2015,39,10.9,4.7,1.9,3.4,57.1,0,0,0,0.8,1.4,54.5,1.3,1.9,3.1,0.3,0.1,0.8,0.4,6.5
2015,63,10.7,3.7,1.4,3.3,42.7,0.4,1.3,31.6,0.5,0.8,63.3,0.4,1.7,2.1,0.2,0.3,0.1,0.5,3.8
2015,31,10.4,3.4,1.3,2.3,55.6,0,0.1,0,0.8,1.1,71.4,1,2.3,3.3,0.8,0.2,0.4,0.4,6.4
2015,38,10.1,4,1.4,3.4,39.7,0.5,1.3,38,0.8,1.1,72.5,0.1,1.1,1.2,0.7,0.2,0,0.5,3.3
2014,82,36.2,16.9,6.1,13.9,43.7,0.5,1.5,31,4.3,5.7,76,1.6,2.9,4.6,2.1,1.1,0.6,2.2,13.9
2014,45,32.4,11.8,4.5,11.4,39.9,1.4,3.9,35.2,1.4,1.7,80.8,0.8,3.4,4.2,3.3,1.2,0.3,1.4,12.3
2014,75,30.8,9.9,4,8.7,46.2,0,0,0,1.9,3.1,60.9,2.5,5.7,8.1,1.7,1.8,1.9,1.9,15.6
2014,82,30.4,8.9,3.7,8.6,42.5,0.1,0.5,26.2,1.4,2.6,55.1,1.3,3,4.3,6.5,1.7,0.2,2.5,13
2014,25,29.5,12.3,5.2,10.5,49,0.2,0.6,25,1.8,2.6,69.7,2,3.5,5.5,1.7,1.2,0.2,1.9,12.9
2014,67,27,7.8,2.6,7.1,36.7,1.4,4.1,33.5,1.2,1.9,64.6,0.9,2.4,3.3,3.1,1.5,0.3,1.3,9.4
2014,59,25,11.9,4.5,10.1,44.8,0.6,2.1,31.4,2.2,2.7,82.9,0.9,2.3,3.2,3.5,0.9,0.2,1.6,12.1
2014,77,24.7,10.1,3.7,8.8,42.2,0.7,2.2,34.1,1.9,2.3,84.2,0.4,2.4,2.8,3.6,0.7,0.1,2.5,9.4
2014,78,23.8,9,3.3,7.4,45.3,1.2,3.3,35.5,1.1,1.4,82.1,0.6,2.1,2.7,0.9,0.4,0.1,1,7.8
2014,32,23.1,6.7,2.8,6.9,41.4,0,0.3,11.1,0.9,1.4,65.2,1.5,3.6,5.1,0.9,0.6,0.3,1.4,7.6
2014,82,22.2,4.8,1.8,5.1,34.9,1,3.2,31.4,0.2,0.4,62.5,0.3,1.3,1.6,2.4,0.5,0.2,1.4,4.6
2014,62,21.8,7.9,2.8,7,39.6,0.7,2.4,28.7,1.6,2.1,75.2,1,2.2,3.2,1.2,0.7,1.1,1.7,7.6
2014,50,21.3,8.7,3.1,7.5,41.4,1.2,3.4,36.5,1.2,1.6,76.3,0.2,2.2,2.3,1.7,0.6,0.2,0.9,7.8
2014,65,21.2,6.3,1.9,5.4,35.2,0.8,2.4,31.4,1.8,3,59.1,0.8,2.3,3,1.2,0.6,1.1,1.3,6.2
2014,79,21.2,5,1.9,4.5,41.5,0.9,2.6,35.6,0.4,0.5,75,0.3,1.9,2.2,2.3,0.9,0.1,1.2,6.6
2014,82,20.2,10.2,3.1,7.6,40.5,1.2,3.8,31.6,2.8,3.5,80.3,0.8,4.2,4.9,1.2,0.7,0.7,1.1,11.3
2014,51,19.8,5.1,1.7,4.5,38.2,0.8,2.3,36.4,0.9,1.1,78.6,0.3,1.9,2.2,2.5,0.8,0.1,1.6,6.2
2014,47,19.7,5.3,1.7,5.1,34,0.6,1.9,31.1,1.2,1.8,67.4,0.6,2.6,3.2,1.2,1.2,0.3,1.4,5.9
2014,63,19,6,2.5,4.3,57.5,0,0,0,1,1.9,55.1,2.3,3.6,5.8,0.7,0.3,0.4,0.8,9.8
2014,32,18.8,5.9,2.2,5.2,41.9,0.6,1.5,37.5,1,1.5,68.1,0.4,2.1,2.5,1.3,1,0.3,0.9,6.7
2014,43,18.5,4.2,1.6,4.6,35,0.7,2.5,29.2,0.3,0.4,72.2,0.9,1.8,2.7,2,0.7,0.3,1.3,5.6
2014,62,17.8,6.9,2.8,6.2,44.6,0,0,0,1.4,2.1,63.6,2,4.1,6.2,0.8,0.8,1.1,1.4,10.2
2014,47,17,5.2,2,4.4,44.7,0.3,1,27.1,0.9,1.3,72.1,1,2.6,3.6,0.7,0.5,0.5,0.8,6.8
2014,62,17,5,1.6,4,40.9,0.5,1.5,32.6,1.3,1.5,84,0.8,2,2.8,0.8,0.4,0.3,0.6,6.1
2014,47,16.6,4.6,1.6,4.5,36.2,0.4,1.4,26.6,1,1.2,82.5,0.3,1.9,2.3,0.8,0.7,0.3,0.6,5
2014,39,16.6,5.4,1.9,5.5,35.5,0.6,2.2,26.2,0.9,1.2,75,0.6,1.9,2.5,0.9,0.6,0.3,1,4.8
2014,73,15.4,4.4,1.5,4.1,36.5,0.7,2,32.2,0.8,0.9,85.9,0.2,1.1,1.2,0.9,0.3,0.2,0.6,3.8
2014,68,15.4,4.8,1.8,3.9,45.2,1,2.5,40.6,0.2,0.3,69.6,0.1,0.6,0.7,0.8,0.2,0.1,0.7,3.6
2014,40,15.4,6.1,2.8,5.4,52.8,0.1,0.5,23.8,0.4,0.5,73.7,1,1.1,2.1,0.6,0.5,0.2,0.7,6.2
2014,74,15.3,5.2,2,4.7,42.2,0.4,1.7,24.4,0.9,1.3,67,0.5,1.7,2.2,1,0.5,0.3,1,5.2
2014,45,15.3,5.6,1.9,6,32.3,1.1,3.6,30.1,0.7,0.8,86.1,0.5,1.6,2,0.5,0.5,0.3,0.5,4.3
2014,32,15.2,6.3,2.8,5.2,53.3,0,0.1,0,0.8,1.3,62.5,1.7,3.5,5.2,0.4,0.5,0.5,1,9
2014,34,13.4,4.3,1.5,5,30.2,0.4,1.9,18.5,0.9,1,91.2,0.1,1.3,1.4,3.1,0.6,0.2,1,4.9
2014,51,13.2,3.9,1.6,4.1,40.2,0.2,0.6,36.7,0.4,0.5,76.9,0.6,1.5,2.1,0.8,0.3,0.2,0.7,4
2014,41,13.2,2.3,1,1.9,51.3,0,0.1,0,0.3,0.7,48.1,1.9,2.4,4.3,0.7,0.4,0.4,0.4,6.4
2014,55,13.1,3.4,1.2,3.9,30.4,0.4,1.9,20.4,0.6,0.9,74.5,0.4,0.8,1.2,0.5,0.7,0.1,0.7,2.3
2014,33,12.5,3.7,1.6,4.4,36.1,0.4,1.3,27.9,0.2,0.2,71.4,0.2,0.8,1.1,2.2,0.6,0.1,1.3,3.5
2014,24,11.2,3.9,1.5,3.7,40.4,0.1,0.7,18.8,0.8,1.2,64.3,1.1,2.1,3.2,0.5,0.3,0.4,0.9,4.8
2014,33,10.8,2.2,0.9,2.7,34.8,0.1,0.3,27.3,0.3,0.4,64.3,0.2,2,2.2,0.8,0.5,0.2,0.3,3.7
2014,34,10.8,2.9,1.3,3.5,36.7,0,0,0,0.4,0.8,44.4,0.8,1.1,1.9,0.5,0.1,0.1,0.7,2.2
2014,31,10.7,3.4,1.2,3.3,35.3,0.5,2.1,25.8,0.5,0.9,55.2,0.3,1.1,1.4,0.4,0.3,0.1,0.2,2.8
2014,50,10.6,3.7,1.5,3.3,44.9,0,0.3,13.3,0.6,1.1,57.4,0.9,2,2.9,0.3,0.2,0.4,0.4,4.8
2014,25,10.4,3.3,1.2,3,39.5,0.2,0.5,38.5,0.7,1,69.2,1.1,2.3,3.4,0.2,0.2,0.4,0.4,4.8
2013,70,34.5,16.7,6.1,15.1,40.5,0.8,3,26.4,3.7,5.2,70.3,1.4,4.8,6.2,6.3,1.9,0.6,3.5,17.6
2013,70,32.3,12.8,4.9,12.8,38,1.6,4.8,33,1.5,1.6,90.3,0.5,2.4,3,5.7,0.6,0.1,1.9,12.1
2013,80,31.1,13.8,4.9,11.7,41.9,0.9,2.8,32.7,3.1,4,78,0.5,3.6,4.1,4.1,1.6,0.5,3.2,13.2
2013,82,26.7,8.8,3.1,8.3,37.6,1.2,3.6,32,1.4,1.7,80.4,0.6,2.2,2.9,1,0.6,0.2,1.2,6.7
2013,77,24.6,6.8,2.2,5.4,41.4,0.5,1.5,34.7,1.8,2.6,68.3,1,3.4,4.4,1.9,0.8,0.8,1.6,9.1
2013,81,23.1,10.2,3.6,8.5,42.8,1.6,4.4,36.3,1.3,1.6,82.8,0.2,1.3,1.5,0.8,0.5,0.1,0.6,7.4
2013,77,22.6,6,2.2,4.8,46,0.9,2.2,40.1,0.7,0.9,71.2,0.9,2.3,3.2,0.9,0.7,0.2,0.8,7.3
2013,58,22.6,7.2,2.9,6.7,43.7,0.3,1.1,29,1,1.6,65.6,0.6,2,2.6,3.2,0.6,0.3,1,8.6
2013,59,22.2,8,2.7,6.3,42.3,0.8,2.4,33.8,1.9,2.3,81.5,0.7,3,3.7,1.6,0.5,0.8,0.8,9.8
2013,70,20,8.7,3.3,7.2,46.6,0.6,1.6,35.1,1.4,1.7,81.1,2,3.2,5.2,1.6,0.5,0.4,1.5,10.7
2013,45,19.9,6.2,2.5,6.7,37.7,0.5,1.3,37.3,0.7,1,74.4,0.4,1.4,1.8,2.7,0.5,0.2,0.9,6.1
2013,80,19.8,5.9,2.3,5.8,39.6,0.7,2.3,31.9,0.6,0.8,77,0.5,1.5,2,0.7,0.9,0.1,0.3,5.6
2013,50,18.5,7,2.5,5.9,41.8,1.1,3.4,32.7,1,1.3,75.8,1.1,3,4.2,1.2,0.4,0.2,1.1,8.2
2013,70,18.2,7.4,2.8,4.3,65.9,0,0,0,1.7,2.8,62.6,1.4,3,4.4,0.9,0.7,0.8,1.1,10.6
2013,72,17.7,4.7,1.7,4.1,41.2,0.8,2.2,36.8,0.5,0.7,79.2,0.4,1.3,1.7,2.6,0.5,0.1,0.8,6.2
2013,82,17.3,6,2.1,4.9,42.6,0,0,0,1.8,2.4,73,1.4,2.9,4.3,1.1,0.5,0.5,1.1,7.8
2013,71,16.5,4.9,2,4.4,45.7,0.3,0.9,31.1,0.6,1,61.1,0.3,1.6,1.9,2.9,0.9,0.1,1.4,6.6
2013,77,16,4.5,1.7,4.4,38.4,0.7,2.3,32,0.4,0.5,75.6,0.2,1.4,1.6,0.9,0.4,0.2,0.6,4.2
2013,75,15.1,2.8,1,3.4,30.8,0.4,1.4,26.4,0.4,0.6,64.4,0.3,1.1,1.4,3.2,0.9,0.1,1.2,4.7
2013,81,14.8,3.3,1.1,2.3,50.3,0,0,0,1,1.7,58.1,1.8,2.3,4.1,0.5,0.5,0.7,0.9,6.4
2013,60,13.6,4.8,1.9,3.8,49.8,0,0,100,1,1.6,63.4,1.7,3.3,5,0.7,0.5,0.8,0.9,8.4
2013,37,13.2,4.4,1.7,4,43.5,0.3,1.1,30,0.6,1,64.9,1.1,2.3,3.5,0.4,0.4,0.7,1.1,5.7
2013,49,13.1,3.7,1.5,3.8,38.3,0.2,0.9,23.8,0.6,0.9,67.4,0.1,1.1,1.2,1.9,0.3,0,1.2,3.3
2013,52,12.8,4.2,1.5,4.3,35.6,0.3,1,24.5,0.8,1.3,63.8,0.9,2,3,0.3,0.4,0.1,0.9,3.9
2013,31,12.6,3.1,1.2,2.7,45.8,0,0,0,0.7,1,65.6,1.2,2.9,4.1,0.2,0.2,0.7,0.6,5.9
2013,38,12.5,5.3,1.9,4.7,41.6,0.8,2.1,37.5,0.6,0.9,67.6,0.2,1.1,1.3,0.7,0.4,0.1,0.9,3.7
2013,53,12.4,3.4,1.3,3.3,37.9,0.6,1.7,36,0.3,0.3,93.8,0.7,1.8,2.5,0.4,0.3,0,0.2,4.4
2013,58,11.8,3.3,1.2,2.2,53.5,0,0,0,0.9,1.3,71.2,0.8,1.7,2.6,0.4,0.3,0.9,0.3,5.7
2013,51,11.3,2.8,1.1,2.5,42.2,0,0.2,20,0.7,1,64.2,0.7,1.4,2.1,0.5,0.5,0.2,0.7,3.6
2013,52,10.3,3.7,1.5,3.2,45.5,0.1,0.7,13.9,0.7,1.1,67.3,0.5,1.2,1.7,0.4,0.4,0.2,0.8,3.4
2013,40,10,1.9,0.8,1.7,48.5,0.1,0.3,15.4,0.2,0.3,70,0.9,1.5,2.4,0.4,0.5,0.3,0.5,3.9
2013,48,9.7,3.8,1.4,2.6,54,0,0,0,0.9,1.1,81.8,1.1,1.1,2.3,0.5,0.1,0.3,0.6,4.9
2013,45,9.6,2.3,0.8,1.6,48.6,0,0,0,0.7,1.4,49.2,1.1,2.3,3.4,0.2,0.2,0.9,0.7,4.7
2013,31,9.4,2.4,1,2.8,34.9,0.2,0.6,25,0.3,0.4,66.7,0.2,0.7,0.9,2,0.1,0,1,2.5
2013,24,9.3,2.3,0.8,2.4,31.6,0.3,1,28,0.5,0.6,73.3,0.1,0.5,0.6,1.4,0.4,0,0.8,2.1
2013,43,9.2,2.7,1,2.8,35.5,0.5,1.7,30.1,0.2,0.2,77.8,0.3,1,1.3,0.3,0.2,0,0.3,2.3
2013,37,8.6,2.1,0.9,2.5,36.3,0.1,0.6,19,0.2,0.3,66.7,0.6,1,1.5,0.3,0.2,0,0.4,2.1
2013,42,8.6,2,0.8,1.9,42.3,0,0,0,0.5,0.7,64.5,0.9,1.4,2.4,0.1,0.1,0.4,0.6,3.1
2013,28,8.1,1.7,0.6,1.4,42.5,0.3,0.8,30.4,0.2,0.3,85.7,0.3,1.1,1.5,0.4,0.2,0.1,0.5,2.5
2013,37,7.8,3.9,1.5,3.4,46,0.1,0.3,27.3,0.7,1.1,65,0.6,0.8,1.4,0.2,0.2,0,0.4,3.1
2013,51,7.3,2.7,1.1,2.5,43.4,0.1,0.2,41.7,0.5,0.8,59,0.3,0.6,0.9,1,0.4,0,0.7,2.5
2013,34,7,2.4,1,2.9,35.1,0.2,1.1,17.9,0.2,0.3,80,0.4,0.9,1.4,0.3,0.2,0,0.3,2.1
2013,31,6.4,2.3,0.7,2,35.5,0.3,1,29,0.6,0.8,75,0.4,0.8,1.2,0.3,0.1,0.1,0.2,2.3
2013,24,5.9,1.1,0.3,1.6,20.5,0.1,0.8,16.7,0.3,0.3,87.5,0.1,0.5,0.6,0.5,0,0,0.5,0.4
2012,82,38.6,19,6.7,15.7,42.9,2.3,6.1,36.8,3.3,3.9,84.4,0.5,2.6,3.1,6.5,0.9,0.2,3,17.3
2012,56,31.2,13.9,5,12.3,41,1.6,4.2,38.6,2.2,2.8,78.6,0.8,3,3.8,2.4,0.9,0.5,1.6,12.1
2012,64,28.8,13.5,5.5,10.6,51.6,0,0.1,0,2.6,3.5,75.1,2.6,5.6,8.2,1,1.2,1.8,1.4,18.2
2012,61,28.8,14.7,5.5,13.4,41.2,1,3.3,31,2.6,3.5,74.6,0.4,2.1,2.4,3,1,0.3,2,10.6
2012,82,28,8.8,3.4,7.8,42.8,0.9,2.4,35,1.2,1.5,80.6,1.3,2.7,4,0.9,0.7,0.5,1.2,8.9
2012,77,26.4,7.9,3.2,7.3,43.8,0,0.1,0,1.6,2,76.4,2.1,3.6,5.7,1.2,0.5,0.9,1.2,10.4
2012,76,26,8.2,3.4,7.4,46.1,0.4,1.5,27.4,1,1.7,57,1.6,2.8,4.4,0.7,1.2,0.8,0.9,9.6
2012,78,26,9,3.6,7.9,45.8,0,0.1,22.2,1.8,2.4,74.9,1.7,4.2,5.8,1.5,0.7,0.9,1.3,11.8
2012,81,25.4,9.2,3.4,7.8,43.9,0.6,1.8,35.9,1.8,2.3,75.8,0.7,3.5,4.1,1.2,0.6,0.2,1.3,9.2
2012,62,23.9,8.9,3.3,5.9,55.7,0,0,0,2.4,3,78.9,2,4,6,0.7,0.3,1.3,1.5,12.4
2012,77,23.9,8.6,3.1,8.2,37.2,1.1,3.7,29.5,1.4,1.9,72,0.5,1.7,2.3,3.7,0.7,0.3,1.9,8
2012,61,23.2,6.2,2.4,6.4,37.2,0.5,1.4,32.6,1,1.8,54.6,0.3,1.5,1.8,2.1,0.4,0.1,1.2,4.6
2012,60,20.7,7.9,3.5,5.7,60.8,0,0,50,1,2.7,37.1,2.8,4.8,7.6,0.5,1,1.6,0.9,13.8
2012,45,19.8,6,2.5,5,49.3,0,0.1,20,1,1.4,74.6,2,3.8,5.9,0.8,0.5,0.5,0.6,10.1
2012,77,19.6,6.1,2.2,5.2,43.1,0.7,2,34.4,1,1.3,72.8,0.7,1.3,1.9,0.8,0.6,0.2,0.6,5.8
2012,69,17.5,5.5,2.2,4,54.5,0,0.1,42.9,1,1.3,80.9,1.2,2.5,3.7,0.5,0.2,0.6,0.7,7.6
2012,41,17.4,5.6,1.9,4.6,41.8,0.9,2.3,37.5,0.8,1,82.9,1.1,1.6,2.7,2.9,0.9,0.5,1.1,8.6
2012,78,17.3,5,1.8,4.7,38.4,0.8,2.5,32.8,0.6,0.9,64.4,0.4,1.9,2.4,1.2,0.8,0.2,0.6,5.8
2012,78,17,7.1,2.7,6.6,41.7,0.8,2,38.6,0.9,1,90.9,0.2,1,1.2,2.8,0.5,0,0.9,6.9
2012,73,17,6.4,2.5,6.3,40.7,0.9,2.7,33.2,0.4,0.6,71.4,0.5,1.5,2,0.7,0.6,0.2,0.7,5.3
2012,75,16.7,7.8,3.4,6.5,52.7,0,0,0,1,1.3,79.8,0.9,2.5,3.4,0.6,0.3,0.4,1.1,8.2
2012,49,16.6,3.8,1.5,3.9,39.2,0.5,1.8,28.7,0.3,0.6,46.7,0.6,1.8,2.4,0.9,0.5,0.2,0.9,4.3
2012,78,16.2,3.5,1.3,2.8,45.5,0.7,1.7,39.6,0.3,0.3,88,0.5,1.3,1.8,3,0.9,0,1.1,6.6
2012,56,15.4,8.7,3.3,6.8,47.9,1.1,2.5,42.1,1.1,1.5,75.9,0.6,1.5,2.1,0.5,0.3,0.2,0.9,7
2012,70,15.1,4.8,2,4.6,43,0,0,0,0.8,1.6,52.3,1.7,2.8,4.5,0.7,0.6,0.4,1.3,6.3
2012,61,14.8,6.1,2.1,4.8,44.6,0.9,2.3,38.4,1,1.1,84.3,0.3,1.3,1.5,0.9,0.2,0.2,0.7,5.4
2012,48,14.6,3,1.2,3.1,37.1,0.5,1.5,31.5,0.2,0.3,57.1,0.1,0.8,0.9,3,0.5,0.1,1.2,4.1
2012,78,14.4,2.4,0.9,2.2,43.8,0,0,0,0.6,1,53.1,1.8,2.2,4,0.3,0.3,0.9,0.8,5.5
2012,79,13.4,2.9,1.1,3.3,32.7,0.2,0.8,20.9,0.6,0.7,81.8,0.7,2.6,3.3,0.7,0.5,0.3,0.7,4.7
2012,52,13.3,2.3,0.8,2.1,40.7,0.4,1.1,39.3,0.2,0.2,100,0.2,1.3,1.5,0.8,0.3,0.2,0.4,3.5
2012,63,13.1,6,2.6,5.3,48.2,0,0,0,0.9,1.7,53.3,1.8,2.9,4.7,0.5,0.3,0.7,0.8,7.9
2012,72,12.8,3.8,1.5,3.3,43.6,0.4,1.1,37.8,0.5,0.6,79.5,0.3,1.6,1.9,1.9,0.6,0.1,1.1,5.2
2012,63,12.7,3.7,1.5,3.5,43.6,0.1,0.6,25.7,0.5,0.8,66.7,0.3,1.4,1.7,0.3,0.3,0.3,0.5,3.6
2012,47,12.3,3.3,1.3,3.5,36.8,0.3,0.8,37.8,0.4,0.7,58.8,0.2,0.8,1,0.7,0.3,0,0.6,2.2
2012,73,12.2,4,1.6,4.2,38.2,0.1,0.9,13.8,0.7,0.9,76.9,0.5,1.5,2,0.8,0.5,0.1,0.8,3.8
2012,44,12.2,5.7,2.2,4.8,45.5,0.5,1.9,28.9,0.7,1.2,62.7,0.8,1.3,2.1,0.7,0.2,0.2,0.8,5
2012,51,12.1,4,1.4,3.5,40,0.7,1.8,38.3,0.5,0.6,71.9,0.4,1.8,2.2,0.9,0.2,0.2,0.6,4.6
2012,47,11.5,3.7,1.7,2.9,58.2,0,0,0,0.4,0.6,64.3,1.6,1.5,3.1,0.2,0.4,0.2,0.4,5.8
2012,38,11.3,5.3,2,4,49.3,0.6,1.4,40.7,0.8,1,76.9,0.2,0.8,0.9,1.2,0.5,0,0.8,4.8
2012,57,11.2,4.1,1.8,3.5,51.3,0,0,0,0.5,0.8,66.7,1.1,2.5,3.7,0.9,0.2,0.5,0.7,6.7
2012,46,9.9,2.8,1.2,2.2,51.5,0,0,0,0.5,0.9,61,1.1,1.7,2.8,0.1,0.3,0.8,0.4,5.1
2012,41,9.9,2.9,1,2.7,37.5,0.3,1.2,28,0.5,0.7,72.4,0.2,0.7,0.9,0.6,0.4,0.1,0.5,2.5
2012,53,9.4,3.5,1.3,3.5,38.4,0.7,2,34.3,0.2,0.2,81.8,0.6,1.2,1.8,0.4,0.3,0.1,0.4,3.6
2012,40,9.4,4.6,1.8,3.7,47.6,0,0,0,1.1,1.4,76.8,1,1.8,2.8,0.3,0.1,0.1,0.5,5
2012,51,9.4,2.6,1.1,2.8,40.8,0,0,0,0.4,0.5,66.7,0.8,1.5,2.3,0.3,0.3,0.2,0.4,3.5
2012,48,8.2,2.1,0.9,2.4,38.1,0.1,0.5,17.4,0.2,0.3,56.3,0.1,0.9,0.9,1.3,0.2,0.1,0.7,2.3
2012,35,7.8,2.6,0.9,2.5,38.4,0.1,0.5,25,0.6,0.8,72.4,0.4,0.4,0.8,1.2,0.2,0.1,0.8,2.4
2012,27,7.5,2.8,1,3.3,29.5,0.3,1.1,22.6,0.6,0.7,89.5,0,0.2,0.3,1,0.2,0,0.6,1.4
2012,38,7.4,2.3,1,2.6,39.4,0,0.1,0,0.3,0.4,66.7,0.3,1.3,1.6,0.3,0.1,0.2,0.4,2.4
2012,23,6.4,3.1,1,3,35.3,0.4,1.3,30,0.6,0.6,100,0.2,0.6,0.8,0.2,0.1,0.1,0.3,2.1
2011,41,34.2,10.6,3.4,9.5,35.7,0.8,2.3,34,3.1,3.8,80.3,0.5,3.7,4.2,8.2,2.2,0.2,3.2,15.4
2011,66,32.3,12.8,4.8,11.7,41.5,1.6,4.2,38,1.6,2.1,75.9,0.5,2.7,3.2,3.8,0.7,0.1,2.6,10.8
2011,51,30.5,18.5,6.9,14.6,46.9,1.4,3.6,39.9,3.4,3.8,87.2,0.9,2.9,3.7,5.4,1.1,0.4,3.1,17.7
2011,56,29.4,12.6,4.9,11.4,42.8,0.8,2.7,31.3,2,2.6,76.4,1.3,2.3,3.6,2.3,0.9,0.3,2.1,10.5
2011,59,28.9,9.5,3.6,9.1,40.1,0.8,2.7,30.6,1.5,1.8,79.8,0.7,2.4,3.2,2.8,1.7,0.1,1.9,9.6
2011,63,28.6,9.5,3.9,8.7,45.2,1,2.8,33.7,0.7,1.2,55.1,1.4,3.3,4.8,2.1,1.2,0.5,1.3,11.4
2011,66,27.2,12.1,4.3,11.6,36.6,1,3.4,30.5,2.5,3.2,78.9,0.5,3.1,3.5,4.4,0.9,0.3,1.8,11.4
2011,65,25.5,11.5,3.9,8.8,44.8,1.3,3.4,37.9,2.4,2.8,83.2,0.7,1.8,2.6,4.1,0.8,0.1,1.6,12.2
2011,66,24.4,12.5,4.8,10.9,44.3,1.7,4.1,41.4,1.2,1.4,86.8,0.4,2.1,2.4,2,0.7,0.3,1.6,10.2
2011,64,24,7.9,3.1,6.3,49.3,0.6,1.7,37.6,1.1,1.4,77.3,1.6,3.5,5.1,1.1,1.3,0.4,0.7,11.6
2011,60,23.7,8.2,3.2,7.4,43.9,0,0,0,1.8,3.2,55.2,3.1,3.4,6.5,0.5,0.5,1,1.4,9.7
2011,63,23.1,5.2,2,4.4,46.4,0,0,0,1.1,2.3,48.3,1.8,4,5.8,0.4,0.3,1.8,1.1,8.9
2011,46,22.5,10.2,3.9,6.7,58.6,0,0,0,2.4,3.6,66.5,3.1,4.6,7.7,0.8,0.7,1,1.2,15.3
2011,66,21.7,4.6,1.8,4.7,37.2,0.7,1.9,34.6,0.5,0.7,68.2,0.7,2.9,3.5,0.7,1.1,0.5,0.6,6.7
2011,66,21.5,8.8,3.1,7.5,41.2,0.6,2.1,26.8,2.1,3,69.7,1.2,3.5,4.7,0.6,0.5,0.5,1.2,8.5
2011,33,20.3,5.5,2.4,6,39.9,0.1,0.8,8,0.7,0.9,76.7,0.5,1.5,2,3.2,0.4,0.1,1.5,5.9
2011,54,20.1,5.9,2.6,4.8,53.6,0,0,0,0.7,1.2,61.9,1.6,3.3,4.9,1.4,1,0.8,0.8,10.5
2011,63,19.5,7.4,2.8,6.9,39.9,0.7,2,34.7,1.2,1.7,71.7,1.1,3.3,4.4,1,0.7,0.7,1.1,8.4
2011,65,19.4,6.8,2.7,6.9,39.3,0.3,1.2,27.6,1,1.3,77.6,0.3,1.1,1.4,2,0.7,0,1.6,4.8
2011,57,18.9,4.7,2.1,3.8,53.7,0,0,0,0.6,1.1,53.2,1.8,2.6,4.4,0.8,0.7,0.6,1.1,7.8
2011,61,18.6,7.6,2.8,7.3,38.6,1.3,3.5,36.1,0.7,0.8,83.3,0.3,0.9,1.2,1.8,0.5,0.1,1.1,5.4
2011,51,17.5,5.8,2.5,5.7,44.7,0.1,0.4,15,0.7,0.8,87.2,0.2,1.2,1.3,3.3,0.7,0.1,1.2,6.8
2011,56,16.7,6.4,2.5,4.9,51.3,0,0.1,33.3,1.3,1.8,72,1.2,2.9,4,0.6,0.8,0.3,1.2,7.9
2011,51,15.9,5.5,2.6,5.7,45,0.1,0.2,37.5,0.4,0.7,52.9,1.7,3.1,4.8,0.6,0.4,0.7,0.7,7.9
2011,59,15.9,7.2,2.6,6.1,42.9,0.3,0.8,33.3,1.8,2.4,72.7,1,1.3,2.2,0.9,0.5,0.1,0.9,5.9
2011,41,15.2,4.1,1.9,4.1,47.3,0,0,0,0.3,0.3,78.6,1.1,3,4.2,0.8,0.3,0.4,0.5,7.2
2011,42,15,4,1.4,3,45.2,0,0,0,1.2,1.5,83.9,1.2,1.8,3,0.3,0.2,0.2,0.6,5.2
2011,43,14.8,4.6,1.8,3.5,50.7,0,0,0,1,1.5,65.2,1.5,2.1,3.6,0.3,0.5,0.3,0.5,6.5
2011,37,14.6,4.4,1.7,4,42.3,0.5,1.6,33.9,0.4,0.7,61.5,1.3,2.6,3.9,0.3,0.6,0.5,0.5,6.6
2011,55,13.9,2.9,1.2,2.2,54.5,0,0,0,0.5,0.7,70.7,0.9,2.3,3.2,0.5,0.7,1.6,0.6,7.1
2011,42,13.5,4.9,2.1,5,42.1,0,0,0,0.7,1.2,55.8,1.3,2,3.3,0.4,0.4,0.5,0.9,5.2
2011,66,13.2,4.6,1.8,3.6,49.6,0,0,0,1.1,1.6,66.7,1.6,2.6,4.2,0.1,0.3,0.3,0.8,6.4
2011,19,12.8,3.3,1.2,3.1,39,0.1,0.5,20,0.7,0.9,82.4,0.5,0.9,1.4,1.6,0.4,0.2,0.9,3.9
2011,44,12.3,3.8,1.5,4.1,37.2,0.3,1,28.9,0.5,0.6,71.4,0.4,0.9,1.3,1.4,0.4,0.1,0.9,3.3
2011,64,12.2,3.6,1.4,3.4,40,0.2,0.7,28.6,0.7,0.9,71.2,0.2,1.3,1.4,2,0.4,0,0.8,4.5
2011,46,12.1,4.7,2.1,4.2,50.8,0.1,0.2,33.3,0.5,0.6,75,1,1.6,2.6,0.5,0.3,0.4,0.4,6
2011,42,11.4,5,1.9,4,46.7,0.1,0.5,26.1,1,1.3,81.5,0.7,1.7,2.4,0.5,0.3,0.2,0.7,5.2
2011,45,11.1,3.1,1.1,3.5,32.1,0.3,1.4,21,0.6,0.6,86.2,0.3,0.9,1.2,1.6,0.6,0,0.8,3.2
2011,38,11.1,3.9,1.4,4.2,32.5,0.1,0.5,20,1.1,1.6,70,0.2,0.7,0.9,0.9,0.1,0.2,1,1.8
2011,40,10.5,4.4,1.7,4.4,39.1,0.7,1.9,37.3,0.3,0.3,91.7,0.1,0.7,0.8,0.5,0.1,0,0.5,2.6
2011,26,9.9,4.4,1.8,4.3,43.2,0.7,1.8,36.2,0.1,0.2,40,0.4,2,2.4,0.8,0.1,0.1,0.6,4.7
2011,26,9.7,2.2,1,2.3,42.4,0,0,0,0.2,0.5,50,0.5,1.7,2.2,0.2,0.1,0.8,0.3,3.7
2011,44,9.6,2.9,1.1,3.4,33.3,0.2,0.9,26.3,0.4,0.6,59.3,0.3,0.6,0.8,1.3,0.3,0,1.1,1.7
2011,29,9.2,2,0.8,2.4,31.4,0.1,0.5,20,0.4,0.6,64.7,0.2,0.7,0.9,1.2,0.2,0.1,0.4,2.1
2011,38,8.7,2.9,1.1,3,38.1,0.4,1.2,37.8,0.2,0.2,100,0.1,0.8,0.9,0.9,0.3,0.1,0.6,2.6
2011,42,8.5,2.6,0.8,1.9,40.5,0,0.3,18.2,1,1.3,76.8,0.5,0.8,1.3,0.3,0.3,0.1,0.3,2.9
2011,36,8.3,3.2,1.5,3.4,44.6,0,0,0,0.2,0.3,66.7,0.6,1.1,1.6,0.2,0.1,0.4,0.4,3.1
2010,82,38,22.5,8.5,16.8,50.6,0.1,0.3,29.2,5.4,8.5,64.2,3.3,8.8,12.1,3.8,0.8,0.6,2.7,25.6
2010,69,37.8,16.4,5.8,14.1,40.9,0.5,1.7,29.6,4.4,5.7,76.6,0.5,4.1,4.6,8.3,1.8,0.5,3.8,18.1
2010,82,31,9.7,3.6,7.3,49.7,1,2.7,39.3,1.4,1.8,76.9,1.3,5.1,6.4,1.9,1,0.2,1.3,13.7
2010,81,28.5,14.1,5.3,12.4,43,0,0.2,16.7,3.4,5,68.7,2.7,6,8.6,2.5,1.1,0.8,3.3,15.2
2010,80,27.8,9.4,3.8,6.9,55.1,0,0,0,1.8,2.9,62.2,3.1,4.4,7.5,1.3,1.2,0.6,1,14.7
2010,79,26.2,9,3.4,8.6,39.7,1.3,3.7,35.6,0.8,1.2,69.6,0.6,2.4,3,1.9,0.7,0.7,1.2,8.5
2010,65,24.6,7.7,3.3,5.7,57.6,0,0,0,1.1,2,55.5,2.6,4.5,7.1,0.6,0.6,1,0.7,13
2010,42,24.5,11.7,4.6,11.9,38.4,0.8,3,25.8,1.7,2,86.9,0.7,1.8,2.5,2.8,0.9,0.1,2,8.4
2010,78,23,7.2,2.9,6.8,42.5,0.2,0.6,31.8,1.3,1.6,80.8,0.5,3.4,3.9,2,0.6,0.2,1,8.8
2010,81,22.7,6.7,2.5,6,42.4,0.4,1.4,27.6,1.2,1.6,74.4,0.8,1.9,2.8,3.6,1.1,0.3,2.4,8.2
2010,44,21.5,6.9,3,7,42.5,0.6,2.1,27.5,0.4,0.6,64.3,0.6,2.2,2.8,0.8,0.8,0.6,1.1,6.6
2010,80,21.1,9.8,3.6,7.9,45.1,1.6,3.9,41.9,1.1,1.3,80.8,0.3,2.2,2.5,1.2,0.3,0.1,1,8.3
2010,61,20.7,7.8,2.9,6.5,45.3,0.7,2.3,29.7,1.3,1.7,76.2,0.6,3.1,3.7,1.1,1,0.4,1.1,8.9
2010,78,19.7,6.8,2.8,5.3,51.7,0,0,0,1.3,2.2,59.5,2.2,3.1,5.3,0.5,0.4,0.9,1,9.4
2010,37,18.9,7.8,3,6.5,45.6,0,0.1,0,1.8,3,61.8,2,2.2,4.3,0.5,0.4,0.5,1.4,7.3
2010,81,17.9,5.6,2,5,39.4,0.6,1.8,31.5,1.1,1.5,77.3,0.9,2.4,3.3,0.7,0.7,0.3,1.3,6.1
2010,58,17.8,4.1,1.7,3.8,43.7,0,0,0,0.7,1.1,65.6,1.4,1.7,3.1,0.7,0.4,1.5,0.8,6.4
2010,54,17.3,5.9,2,5.4,37.4,0.6,1.7,37,1.3,1.7,76.3,0.7,1.9,2.6,1.6,0.6,0.1,1.2,5.9
2010,72,16.9,5.4,2,4.1,48.5,0.5,1,47.3,1,1.3,71.1,0.6,1.4,1.9,1.1,0.4,0.3,1,5.7
2010,52,16.7,6.3,2.9,5.1,55.8,0,0,0,0.6,0.8,71.4,1.7,2.2,3.8,0.8,0.3,0.7,0.6,8.9
2010,65,16.4,5.3,2.1,3.9,54.9,0,0,0,1,1.6,67.3,1.5,2.4,3.9,0.5,0.5,0.7,0.6,8
2010,60,14.5,4.3,1.9,4.5,43.3,0,0,0,0.5,0.8,56,1,2,3,0.3,0.4,1.2,0.6,5.6
2010,41,14.5,4,1.5,2.7,55.9,0,0,0,1,1.5,65,0.9,2,2.9,0.5,0.4,0.6,0.8,5.8
2010,38,13.9,4.3,1.7,4.2,40.6,0.1,0.4,11.8,0.9,1.4,63.5,0.2,0.7,1,0.5,0.3,0.1,0.3,2.8
2010,62,13.8,4.1,1.7,4.2,40.9,0.1,0.5,20,0.6,0.7,90.2,0.1,1,1.1,2.6,0.5,0,0.8,5
2010,65,13.6,5.5,2.1,4,51.7,0,0,0,1.3,1.8,76.3,1.4,1.6,3,0.4,0.3,0.5,1.4,6
2010,49,13.1,3.9,1.6,4.2,38.3,0.3,1.3,24.2,0.4,0.5,73.1,0.8,2.1,2.9,0.6,0.3,0.3,0.3,5.1
2010,63,12.6,5.2,2,4.3,45.4,0.3,0.9,32.8,0.9,1.4,67.8,0.4,1.4,1.8,0.8,0.4,0.1,0.7,4.7
2010,60,12.3,4.6,1.7,3.2,52.9,0,0,0,1.3,2.3,54.3,1.2,2.1,3.4,0.4,0.5,0.3,0.5,6.1
2010,70,12.3,3.6,1.4,3.3,40.8,0.4,1.2,29.1,0.5,0.6,77.3,0.2,0.9,1,2.2,0.3,0.1,1,4
2010,82,12.1,2.8,1,1.7,55.3,0,0,0,0.9,1.8,50.3,1.4,2.4,3.7,0.4,0.2,0.7,0.8,5.4
2010,45,11.6,3.6,1.4,3,47.4,0,0,0,0.8,1.2,71.2,1,1.7,2.7,0.3,0.3,0.6,0.8,4.9
2010,66,11.1,2.8,1.1,2.7,40.6,0.3,0.8,36,0.4,0.5,70.6,0.3,1,1.3,0.4,0.3,0.1,0.2,3
2010,58,10.9,2.7,1.1,2.5,44.9,0,0,0,0.4,0.5,71,1.4,1.2,2.6,0.2,0.3,0.5,0.7,3.9
2010,42,10.4,3.8,1.5,3.4,42.4,0.1,0.2,37.5,0.8,1.3,58.9,0.7,0.7,1.5,1.6,0.3,0.2,0.6,4.2
2010,43,10.3,2.3,1,2.7,37.4,0.1,0.2,30,0.3,0.5,57.1,0.2,0.9,1.1,1.8,0.4,0.1,0.8,3.1
2010,42,10,3.8,1.3,3.7,35.7,0.4,1.4,28.3,0.8,1,78.6,0.5,1.1,1.7,0.7,0.3,0.2,0.5,3.6
2010,49,9.4,3.6,1.6,2.3,66.1,0,0,0,0.5,0.8,70.3,0.7,1.2,2,0.5,0.3,0.3,0.4,5.4
2010,18,7.9,1,0.4,0.8,53.3,0,0,0,0.1,0.2,50,0.7,1.2,1.9,0.2,0.3,0.4,0.4,2.9
2010,38,7.3,2.9,1.2,2.7,45.5,0.1,0.3,41.7,0.3,0.6,59.1,0.3,0.7,0.9,1.2,0.1,0,1,2.5
2010,22,7.2,2.3,1,2.7,35.6,0,0.5,10,0.4,0.7,53.3,0.3,0.7,1,1.1,0.2,0.1,0.8,2
2010,41,5.2,2,0.8,1.6,48.5,0,0,0,0.4,0.6,73.9,0.5,0.6,1,0.2,0.1,0.2,0.5,2.1
2009,72,37.2,20.1,7.4,16.2,45.8,0.5,2,25.5,4.8,6.5,74.8,0.9,4.4,5.3,5.8,1.5,0.4,3,19.6
2009,80,36.2,17.5,6.6,14.3,46.2,2.1,4.8,43.7,2.2,2.5,88.5,0.6,3.9,4.5,5.9,1.9,0.2,3,19
2009,82,32.6,15.5,5.5,14.8,37.1,1.8,4.7,37.4,2.7,3.3,81.7,0.6,2.8,3.4,5.7,1.3,0.2,2.4,13.8
2009,81,28.9,13.5,4.9,11.8,41.7,1,2.7,35.8,2.8,3.3,82.6,0.3,2.1,2.4,4.4,1,0,2.9,11
2009,80,27.9,9.3,3.6,7.5,48.1,0.5,1.4,31.3,1.6,2.2,71,2.4,3.5,6,0.7,1,0.4,1,11.7
2009,76,27.8,12.4,4.9,10.4,47.7,0.6,1.5,40,1.9,2.3,85.1,0.5,2,2.5,5.7,1,0.1,2.7,13.3
2009,82,26.9,9,3.8,7.7,49.4,0,0,0,1.4,2.1,64.6,2.8,4.7,7.5,0.9,0.6,1.3,1.4,13.1
2009,73,25.6,14.5,5.5,12.1,45.1,1.6,4.3,37.4,2,2.4,81.4,1,1.9,2.9,1.6,0.8,0.1,1,11.7
2009,77,25.1,10.3,3.9,8.7,44.6,1,2.6,36.9,1.5,2.3,67.2,1,3.6,4.5,1.2,0.7,0.2,1.3,10.1
2009,82,24.7,9.4,3.3,6.9,48.3,0.8,2,38.2,2,2.4,82.9,0.6,1.7,2.3,1.5,0.8,0.2,1.1,9.1
2009,73,24.2,8,3.2,7.1,44.2,0.8,2.2,39,0.9,1.2,75.6,0.8,1.8,2.6,3.8,1.1,0.3,2.1,9.4
2009,76,22.9,9.9,3.1,7.6,40.3,1.2,3.3,37.5,2.6,3.2,80.8,0.6,2.6,3.2,1.8,1.1,0.3,1.4,9.7
2009,78,22.6,8.4,3.3,8.3,40.1,0.4,1.3,31,1.3,1.8,71.5,0.6,3.9,4.5,2.9,0.6,0.1,1.6,9.3
2009,77,21.6,8.6,3.3,6.6,49.8,0.1,0.2,25,1.9,2.5,76.3,0.9,2,2.9,0.7,0.6,0.2,0.8,8.2
2009,65,20.3,8.3,3.1,6,51.5,0.5,1.3,41,1.6,2.2,75.7,0.6,1.3,1.9,3.1,0.7,0,1.3,9.4
2009,74,20.1,8.9,3.4,7.6,44.1,1.2,3.4,36.9,0.9,1.2,77,0.5,2.5,3,1.2,0.5,0.1,0.7,8.5
2009,56,19.4,8.6,3.2,7,45.8,1.2,3.1,38.9,1,1.2,80.9,0.7,1.2,1.9,2,0.8,0.1,1,8.3
2009,82,18.2,7.8,3.4,6,55.6,0,0,0,1.1,2,54.7,2.4,4,6.4,0.8,0.6,0.5,1.4,11.1
2009,76,18.2,6.6,2.5,5.9,42.4,0.8,2.1,39.5,0.8,0.9,87.1,0.4,1.7,2.1,1,0.3,0.1,1,5.6
2009,73,18.1,6.3,2.8,5.1,54.3,0,0,50,0.8,1.3,63,1.9,3.5,5.4,0.1,0.3,1.3,0.9,9.8
2009,80,16.5,7.4,2.8,6.2,45.1,0.1,0.7,19.6,1.7,2.2,77.7,1,1.6,2.5,0.7,0.4,0.3,1.2,6.2
2009,81,15.7,4.7,1.9,4.5,41.8,0.3,0.9,31,0.6,0.9,72.2,0.3,1.3,1.6,3.3,0.5,0.1,1.1,6.3
2009,56,15.4,7.3,2.6,6.3,41,1.1,3.1,34.5,1.1,1.3,80,0.2,1.4,1.6,1.9,0.6,0.1,1.1,6.4
2009,63,14.1,5.8,2.3,5.4,43.2,0.4,1.2,34.6,0.7,1.1,68.7,0.9,2.4,3.3,0.7,0.2,0.2,0.6,6.3
2009,47,13.3,5.2,2.1,4.3,49.3,0,0,0,1,1.4,67.6,1.6,2.1,3.7,0.4,0.3,0.5,0.6,6.8
2009,69,13.3,5.1,2,4.3,46.4,0.4,1.4,30.5,0.7,0.8,82.1,0.5,2,2.5,0.5,0.4,0.4,0.7,5.7
2009,60,13.1,4.5,1.8,3.6,50.2,0,0.1,0,0.9,1.2,75.4,0.9,1.9,2.8,0.6,0.2,0.6,0.5,6.1
2009,68,13,3.1,1.1,1.9,58.8,0,0,0,0.8,1.4,58.1,1.3,2.3,3.6,0.2,0.2,1.3,0.6,6.3
2009,52,12.6,2.8,1.1,2,53.4,0,0,0,0.7,1.2,59.7,2,2.1,4.1,0.4,0.3,0.1,0.4,5.9
2009,56,12.5,7.1,2.8,5.3,51.8,0.8,2,40.9,0.8,0.9,80.8,0.2,1.2,1.4,1.3,0.5,0.2,1,6.8
2009,27,12.4,5,1.6,3.7,43.6,0.5,1.4,35.1,1.3,1.9,70,0.2,0.9,1.1,0.8,0.5,0.2,1,4
2009,60,12,4.7,1.7,4.5,38.8,0.7,2.2,31.8,0.5,0.7,79.5,0.1,1.5,1.6,0.7,0.3,0.1,0.4,4.1
2009,65,11.6,3.9,1.5,3.2,45.2,0.2,0.7,32.6,0.8,1.1,72.9,0.5,1.4,2,0.7,0.3,0.7,0.9,4.6
2009,63,11.2,3.9,1.7,3.4,49.5,0,0,0,0.5,0.8,64.6,0.9,1.7,2.5,0.2,0.4,0.3,0.2,5.1
2009,71,11.2,2.9,1.2,3.1,39.6,0,0.1,0,0.5,0.7,62.3,0.7,1.4,2.1,0.5,0.4,0.1,0.3,3.5
2009,39,10.4,2.7,1.1,1.7,66.2,0,0,0,0.5,0.5,90,0.6,1.9,2.5,0,0.2,0.4,0.3,4.9
2009,71,10.1,3.2,1.3,3.2,39.6,0.1,0.5,21.9,0.6,0.7,83.7,0.1,0.9,0.9,1.7,0.5,0.1,0.7,3.8
2009,57,9.4,3.3,1.2,2.6,46.3,0,0.1,28.6,0.8,1.3,66.7,0.5,0.8,1.4,0.3,0.4,0.2,0.3,3.4
2009,44,9.2,3,1,3,35.4,0.3,1,35.7,0.6,0.9,71.1,0.3,0.7,1,0.4,0.2,0.2,0.4,2.3
2009,43,8.3,2.6,0.9,2.4,35.6,0.1,0.4,21.1,0.8,1.1,74.5,0.3,0.9,1.3,0.3,0.2,0.2,0.3,2.5
2009,51,7.5,2.7,1.1,3,37.1,0,0.1,40,0.5,0.7,72.2,0.4,0.9,1.2,0.4,0.1,0.3,0.5,2.3
2009,12,6.3,1.7,0.5,1.7,30,0.1,0.5,16.7,0.6,1,58.3,0.2,0.5,0.7,1.2,0.3,0.2,0.9,1.4
2009,18,6.2,2.4,0.9,2.4,37.2,0.5,1.6,32.1,0.2,0.3,60,0.3,0.8,1.1,0,0.1,0.1,0.3,1.7
2009,25,5.2,2.3,0.8,2.1,39.6,0.2,0.6,31.3,0.4,0.5,84.6,0.3,0.4,0.7,0.5,0.3,0.1,0.6,2.1
2008,82,38,18.5,6.9,15.6,43.8,1.8,4.6,38.4,3,3.4,87.9,0.7,3.1,3.8,3.2,1.1,0.2,2.8,14.7
2008,81,37,16.8,7.1,14.9,47.5,0.2,0.9,22.2,2.4,3.1,78.8,1.2,2.7,3.9,6.3,0.8,0.2,2.5,17.1
2008,78,34.3,16.1,5.3,11.6,45.6,1.7,4.3,38.9,3.8,4.5,85.4,0.6,2,2.6,2.8,1,0.5,2.1,13.8
2008,82,32.5,15.3,5.3,13.4,39.8,0.4,1.6,27.1,4.3,5.2,81.5,2.2,2.7,4.9,5.3,1.3,0.2,3.3,14.7
2008,82,32,10,3.4,8.1,42,1.4,3.8,36.7,1.8,2.4,76.7,0.5,2.3,2.8,4.9,1.9,0.1,2,12.5
2008,82,30.7,11.9,4.3,8.1,53,0,0,0,3.4,4.6,73.3,2.5,4.9,7.4,1.7,0.8,1.1,2,15.9
2008,82,30.5,13,5.5,10.3,53.1,0,0,0,2.1,2.6,79.3,2.7,5.4,8.1,1,0.5,1.8,1.8,17.4
2008,82,28.1,11.1,4.3,8.7,49.7,0,0.1,0,2.4,3.5,69.2,2.9,4.5,7.4,1.1,0.6,0.7,1.8,13.6
2008,72,26.5,11.8,3.7,8.6,43,1.5,3.4,43.9,2.9,3.2,89.3,0.2,1.6,1.8,3.5,0.6,0,1.6,10.8
2008,82,25.8,7.2,2.8,6,46.2,0,0,0,1.7,2.3,72.9,2.3,3.6,5.9,1.1,1.1,0.6,1.2,10.8
2008,78,25.6,10.4,3.4,8.1,42.5,2,5.1,39.9,1.5,1.8,83.9,0.6,2.1,2.7,2,0.9,0.1,1.1,10.1
2008,81,25.3,11.1,3.9,8.5,45.9,0,0.2,10.5,3.3,4.1,78.9,3.4,5.7,9.1,1,0.4,0.6,1.5,15.3
2008,77,25.2,8.4,3.2,7,45,1.1,2.6,40.4,1,1.2,83,0.2,2.1,2.3,1.2,1,0.2,0.9,8.1
2008,81,24.8,13.9,5.6,11.8,47.2,0.4,1,40.7,2.3,3,77.2,1.4,4.1,5.4,1,0.5,0.5,1.5,12.9
2008,75,24,8.1,3.2,7.7,42.3,1,2.8,37.3,0.6,0.9,69.7,0.5,2.7,3.1,0.9,0.5,0.5,1,7.4
2008,67,22.6,10.1,3.8,8,47.8,1.3,2.7,46.7,1.2,1.4,87,1.2,1.8,3,1.2,0.5,0.2,0.8,9.9
2008,61,21.5,8.9,3.2,5.8,56.4,0,0,0,2.4,3.7,63.7,2.8,4.2,7,0.5,0.4,1.1,1.4,12.6
2008,56,20.8,5.3,2,4.4,45.9,0.6,1.7,34.4,0.7,1,70.7,0.6,1.8,2.3,1.8,0.8,0.5,1.2,6.8
2008,66,19.9,7.4,2.4,6.2,39.3,1,2.9,36.5,1.5,1.8,84.5,1.6,3.1,4.7,0.8,0.7,0.3,0.9,8.9
2008,76,19.3,5.6,2.5,5.7,43.8,0,0,0,0.5,0.8,66.7,1.4,3.1,4.6,0.6,0.7,0.7,0.6,7.9
2008,79,18.4,5.4,2,4.6,44.6,0.8,2.1,36.9,0.5,0.7,80.8,1.1,1.7,2.8,0.9,0.6,0.5,0.6,7
2008,63,17.9,7.9,3.2,6.8,46.2,0,0.1,0,1.6,2.2,71.6,2,3.7,5.8,0.8,0.7,1.2,1.3,10.7
2008,77,16.5,5.7,1.9,4.8,40.3,0.3,0.9,32.9,1.5,1.9,78.1,0.4,1.7,2.1,1.8,0.6,0.3,1,6.1
2008,79,16,7.7,3.2,6.4,50.2,0,0.1,25,1.3,1.7,77.3,1.6,2.2,3.7,0.4,0.3,0.7,0.6,8.7
2008,75,15.2,6.5,2.5,5.2,49.4,0,0,0,1.4,2.2,66,1.6,2.3,3.9,0.3,0.4,1,0.8,8
2008,51,15.1,5.7,2.2,5.2,41.2,0.3,0.8,32.5,1.1,1.6,69.1,0.4,1.3,1.7,2.1,0.7,0,1.4,5.2
2008,53,14.5,4.3,1.8,2.8,63.3,0,0,0,0.8,2.1,38.5,1.4,3.1,4.5,0.2,0.2,1.1,0.8,7.2
2008,70,14.4,7.1,2.8,6,47.1,0,0,0,1.4,2.1,66.7,1.6,1.8,3.5,0.7,0.3,1.1,0.8,7.9
2008,68,13.7,5.3,2.1,5.3,39.2,0.7,1.9,34.6,0.5,0.6,79.1,0.2,0.6,0.8,1.7,0.3,0,0.9,3.9
2008,44,13.3,4.9,1.8,4,46,0.1,0.3,25,1.2,1.4,82.3,0.3,0.8,1.1,1.2,0.3,0.2,0.7,4.5
2008,55,13.2,4.5,1.6,4.1,39.3,0.4,1,37,0.9,1.2,76.9,0.6,1.3,1.9,2,0.5,0.1,1.3,4.9
2008,55,13.2,3.8,1.4,4.3,32.6,0.5,1.8,26,0.5,0.6,85.3,0.3,1.2,1.6,0.5,0.3,0.3,0.7,2.8
2008,72,12.4,4.2,1.7,4.5,38,0.2,0.9,17.7,0.6,0.8,73.3,0.4,0.7,1,2.1,0.4,0,0.8,3.9
2008,53,12.4,4.3,1.3,3.6,36.5,0.1,0.5,25.9,1.6,1.9,80.6,0.2,0.9,1.1,1.5,0.3,0,1.1,3.5
2008,59,12.1,4.7,1.7,4.2,41.6,0.3,0.8,34.8,1,1.4,69.9,0.7,1.2,1.9,0.7,0.3,0.5,0.9,4.4
2008,48,11.8,4.7,2,3.9,50.8,0,0,0,0.8,1.1,70.6,1,1.8,2.9,0.4,0.3,0.7,0.5,6.1
2008,62,11.4,4,1.6,3.1,51.5,0,0,0,0.7,1.1,67.2,0.8,1.8,2.7,0.1,0.2,0.5,0.7,4.9
2008,40,11.1,3.9,1.3,3.3,38.9,0.4,1,39.5,1,1.3,80,0.8,1.2,2,0.5,0.3,0.5,0.4,4.6
2008,19,10.9,2.7,1,3.4,29.2,0.5,2.2,22,0.3,0.5,50,0.6,1.5,2.2,0.9,0.3,0.1,0.4,3.1
2008,60,10.2,3.1,1.2,2.3,51.8,0,0,0,0.8,1.1,69.1,0.9,1.1,2,0.1,0.2,0.7,0.5,4.2
2008,51,8.4,1.9,0.7,1.7,43,0,0,0,0.5,0.7,68.6,0.6,1.1,1.7,0.2,0.2,0.1,0.3,2.6
2008,37,8.2,2.4,0.8,2.3,36.5,0.3,0.7,40,0.5,0.6,85.7,0.3,0.7,0.9,0.8,0.3,0,0.6,2.3
2007,80,34.6,20.3,7.3,17.1,43,0.7,2.6,28.8,4.9,5.6,87.3,0.9,3.5,4.3,2.4,1,0.9,2.9,15.6
2007,81,31.4,10.1,4.1,8.2,49.9,0,0.1,0,1.9,2.6,73.1,3.1,6.6,9.7,1.5,0.7,0.9,1.7,16.5
2007,80,28.2,10.5,4,9.4,42.7,0.3,1,27.6,2.2,3,74.4,1.3,3.5,4.7,1.5,0.6,0.6,2,9.8
2007,78,27.8,8.5,3.6,7.4,48.5,0.5,1.6,32.8,0.8,1.1,74.1,1.2,5,6.2,1.2,1,1.4,0.7,13.5
2007,79,27.3,12.7,4.7,11,42.9,0.5,1.6,33.1,2.7,3.6,74.3,1.2,3.3,4.5,1.2,0.6,0.5,1.6,10.8
2007,53,26.1,9.4,3.6,8.3,42.8,0.6,1.7,33,1.7,2.3,73.2,0.4,2.2,2.6,4.2,0.8,0,1.7,10
2007,82,25.8,10.9,3.8,9.3,40.2,1.9,5.3,36.1,1.5,1.8,84.9,0.4,2.1,2.6,2.2,0.6,0,1.6,8.8
2007,66,25,8.6,3.3,7.9,42.1,0.1,0.3,28.6,1.8,2.2,84.1,1.6,3.6,5.2,0.8,0.6,0.8,1.4,9.7
2007,82,24.7,10.3,4.2,8.2,51.5,0,0,0,1.9,2.9,66.8,2.1,4.3,6.4,1.3,0.7,0.2,1.3,12.8
2007,59,24.4,8.8,3.3,8.7,38.1,1.3,4,33.2,0.8,1,82.5,0.3,2.7,3,1.3,0.4,0.1,1.1,7
2007,79,22.8,5.8,2.3,6.2,37.4,0.1,0.5,19.4,1.1,1.4,80,1,2.7,3.7,1.4,1,0.3,1.1,6.9
2007,74,21,8.2,3.6,6.6,53.9,0.1,0.3,31.6,1,1.4,73.8,1.6,2.6,4.2,0.8,1,0.1,0.9,10.1
2007,74,20.7,6.6,2.4,5,48.2,0,0,0,1.8,2.6,69.1,2.4,3.3,5.6,1.1,0.9,0.9,1.2,10.6
2007,35,19.6,7.3,3,6.9,43.8,0.3,0.9,30,1,1.5,63,1.1,2.5,3.6,0.9,0.4,0.5,0.8,7.5
2007,57,19,7.6,2.7,6.7,40.1,0.1,0.3,18.8,2.2,2.7,81.4,0.6,1.7,2.3,2.8,0.9,0.1,1.4,7.8
2007,73,19,5.8,2.2,4.8,46.8,0.1,0.6,22,1.2,1.6,73.7,1.7,2.3,3.9,1.1,0.8,0.1,0.7,8.1
2007,73,17.5,5.6,2.2,4.2,53.8,0,0,0,1.1,1.8,60.9,1.6,2.8,4.4,0.4,0.4,1.4,1,8.6
2007,42,16.9,8.1,3.2,5.2,61.6,0,0,0,1.7,2.6,66.1,2.3,2.6,4.9,0.5,0.4,0.2,0.6,10.6
2007,56,15.4,4.2,1.7,4.2,40.1,0.1,0.6,20.6,0.7,0.9,79.2,0.2,0.8,1,2,0.5,0,1,4
2007,75,15.4,7.5,2.8,6.4,43.9,0.5,1.3,40,1.3,1.7,81.5,0.3,1.2,1.5,0.8,0.5,0.1,1.3,5.3
2007,76,14.6,4.5,1.9,4.1,45.5,0.1,0.2,28.6,0.7,1.1,65.9,1,2,3,0.3,0.3,0.7,0.6,5.5
2007,69,13.6,4.5,1.6,3.2,48.4,0,0,0,1.4,2.2,66,1.4,1.6,3,0.4,0.5,0.3,0.9,5.4
2007,50,13.6,5.6,2,4.7,42.1,0.2,0.7,27,1.4,2.1,69.2,0.5,1.7,2.2,1,0.4,0,1.1,4.8
2007,71,13.1,4.7,2.1,4.5,45.9,0.1,0.3,19,0.5,0.8,65.5,1,2.3,3.2,0.6,0.2,0.6,0.8,5.8
2007,75,12.9,3.7,1.3,3.2,41.1,0.1,0.6,20.8,0.9,1.2,78.2,0.5,1.3,1.8,0.7,0.4,0.1,0.5,4.1
2007,51,11.9,5.2,1.8,4.4,41.3,0.7,2.1,33,0.8,1,85.7,0.3,0.8,1.1,1.7,0.3,0.1,0.9,4.7
2007,32,11.5,3.7,1.3,3.2,42.6,0.3,0.8,34.6,0.7,0.9,79.3,0.4,0.6,1,1.1,0.5,0,0.6,3.7
2007,57,11.2,3.9,1.6,3,53.3,0.2,0.4,41.7,0.6,0.9,63.5,0.6,1.5,2.1,0.7,0.5,0.2,0.6,5.1
2007,52,10.7,1.9,0.8,1.7,47.1,0,0,0,0.3,0.5,59.3,1,1.6,2.6,0.3,0.2,0.2,0.5,3.7
2007,26,10.3,4.1,1.8,3.2,56.1,0,0.1,0,0.6,0.8,68.2,1.3,2.1,3.4,0.4,0.3,0.4,0.5,6.5
2007,61,10,4.3,1.7,3.3,50.5,0,0,0,0.9,1.6,56.6,1.1,1.6,2.8,0.7,0.3,0.3,0.9,5
2007,70,9.9,1.3,0.6,1.5,37.9,0,0.1,16.7,0.2,0.5,43.8,0.8,1.2,2,0.6,0.3,0.4,0.6,2.8
2007,38,9.9,4,1.6,2.9,55.4,0,0,0,0.7,1.1,67.5,1,1.6,2.6,0.2,0.2,0.6,0.3,5.6
2007,35,9.1,3.6,1.3,3.6,35.2,0.5,1.7,28.3,0.6,0.9,64.5,0.6,1.3,1.9,0.2,0.2,0.1,0.5,2.9
2007,38,8.5,3.2,1.3,3.3,40.8,0,0,0,0.5,0.7,64.3,0.6,1.1,1.6,0.3,0.2,0.4,0.5,3.1
2007,64,4.2,0.9,0.3,0.8,42.9,0,0.1,0,0.3,0.4,65.4,0.4,0.3,0.8,0.2,0.2,0.1,0.1,1.4
2007,14,3.1,1.1,0.4,1.6,26.1,0.2,0.9,23.1,0,0,0,0,0.4,0.4,0.1,0,0.2,0.3,0.2
2006,57,35.4,16.8,6.1,13.4,45.6,1,2.6,37.7,3.5,4.2,83.8,1,3.4,4.4,4,1.2,0.2,2,16.5
2006,78,29.8,11.8,4.6,12.1,37.6,1.1,3.3,33.7,1.5,2.2,71,0.7,2.3,2.9,2.1,0.4,0.1,1.7,7.4
2006,67,28.5,8.5,3.3,7.9,42,1,2.9,34.2,0.9,1.2,73.1,0.7,4.2,4.9,1.9,1.2,0.2,1,10.8
2006,78,27,10.8,4.1,9.7,42.2,0.7,1.8,36.4,1.9,2.7,72.7,1.2,3.3,4.5,1.3,0.9,0.9,1.8,10.3
2006,65,25.1,11.6,4.1,9.6,42.7,1.5,4.1,37.3,1.8,2.2,82.4,0.8,3.1,3.9,0.8,0.5,0.8,1.6,10
2006,78,23.5,6.4,2.4,5.8,41.8,0.1,0.4,20.7,1.5,2.4,64.7,0.9,2.8,3.7,3.8,1.6,0.1,1.8,9.8
2006,82,22.9,10.1,3.7,8.4,43.4,0.8,2.3,36.8,2,2.3,85.4,0.6,2.1,2.7,2.8,0.7,0.3,1.9,9.6
2006,63,22.1,9,3.8,7.6,50.3,0,0,0,1.3,1.8,72.2,2.3,2.7,5,0.4,0.3,1.2,0.7,10.8
2006,48,20.1,7.7,2.9,6.3,45.7,0.3,1,28.3,1.6,2,79.6,0.6,1.4,2,0.9,1.1,0,1,6.9
2006,48,19.5,9.2,3.6,6.9,52.7,1.1,2.4,46.1,0.9,1.1,77.4,0.6,2.3,2.9,0.5,0.3,0.1,0.7,9
2006,82,18.7,7.4,3,5.6,53.1,0,0.1,0,1.4,2.3,62.4,1.8,3.3,5.1,0.6,0.6,0.2,0.9,9.5
2006,81,18.7,5.5,2,4.5,45.5,0,0,50,1.4,1.8,76.4,1.6,3.8,5.4,0.5,0.6,0.5,1.2,8.5
2006,64,18.4,4.4,1.6,4.6,34.2,0.8,2.7,28.8,0.5,0.8,66,0.4,1.3,1.7,0.9,0.5,0.1,0.6,3.7
2006,82,18,6.8,2.5,4.9,52.5,0,0,33.3,1.7,2.5,67.3,2.2,2.9,5.2,0.8,0.8,0.9,1.1,10.2
2006,70,17.7,4.6,1.7,3.8,46.2,0.2,0.7,23.4,0.9,1.2,80.5,0.8,1.6,2.5,0.8,0.3,0.3,0.7,5.6
2006,67,17.4,6.6,2.7,5.9,46.4,0.4,1.1,34.7,0.8,1.3,60.9,0.6,1.3,1.9,0.4,0.6,0.3,0.6,5.5
2006,79,16.6,6.8,2.6,6.7,39.5,0.6,2.1,28.2,0.9,1.1,84.7,0.4,1.7,2.1,3.3,0.4,0,1.8,6.5
2006,60,16.5,4.6,1.6,3.9,42.4,0.9,2.1,41.9,0.5,0.7,71.8,0.5,1.1,1.5,1.2,0.4,0.1,0.7,4.7
2006,41,16.3,7.1,2.4,5.4,44.5,0.8,1.9,43,1.5,1.9,78.2,0.6,1.7,2.3,0.7,0.5,0.2,0.9,6.5
2006,68,15.6,4.9,2,4,50.5,0.1,0.4,18.5,0.8,1.3,56.7,1.4,2.9,4.3,0.6,0.8,0.7,0.7,8.1
2006,72,15.1,4.4,1.7,4.1,42.2,0.6,1.9,32.8,0.4,0.5,71.1,0.3,1.3,1.7,1.9,0.6,0.1,1,5.2
2006,47,15.1,6.2,2.1,5.5,38.6,1,2.5,41.4,0.9,1.2,76.4,0.4,1.1,1.5,0.9,0.4,0.1,0.9,4.5
2006,52,14.9,4.5,1.7,4.4,38.2,0.3,0.9,27.7,0.9,1.6,58.5,0.5,1.5,2,1.6,0.6,0.1,1.1,4.3
2006,42,14.8,6,1.9,4.6,41,0.9,2.3,38.8,1.3,1.4,90,0.2,1,1.2,0.9,0.3,0,0.5,5
2006,66,14.7,6.1,2.1,5.5,38.3,0.8,2.2,36.5,1.1,1.3,78.7,0.9,2,2.9,0.7,0.4,0.3,0.8,5.9
2006,72,13.4,5.2,1.9,3.9,47.5,0,0,0,1.5,2.4,60.6,1.2,2.5,3.7,0.6,0.6,1.1,1.3,6.9
2006,67,12.9,3.7,1.5,3.6,42.3,0.4,1.3,28.2,0.3,0.4,80.8,0.3,1.1,1.4,3.3,0.5,0,1.1,5.6
2006,59,12.8,4.4,1.5,2.9,53.8,0,0,0,1.3,2,66.1,0.8,2.2,3.1,0.3,0.4,0.6,0.8,6
2006,71,12.2,3.6,1.5,3.6,42.6,0.2,0.6,35.7,0.3,0.6,51.1,0.5,1.7,2.2,0.8,0.5,0.1,0.8,4
2006,43,12.4,2.9,1.3,3.1,41.7,0,0,0,0.4,0.8,48.5,1,1.5,2.5,0.3,0.2,0.5,0.5,3.7
2006,46,12.1,3.9,1.6,3.5,46.9,0.4,1.1,36.5,0.2,0.4,55,0.7,1.1,1.8,0.5,0.1,0.2,0.5,3.9
2006,56,12.1,4.6,1.8,3.4,52.8,0,0.2,0,1,1.5,67.5,0.7,0.7,1.3,0.4,0.7,0.1,0.4,4.6
2006,68,11.6,2.7,1,2.6,36.7,0.3,0.8,32.1,0.5,0.6,86,0.6,1.2,1.8,1,0.4,0.1,0.6,3.6
2006,58,11.5,3.3,1.1,2.2,50.8,0,0,0,1,1.3,78.7,0.8,1.5,2.3,0.2,0.2,0.7,0.4,4.9
2006,63,11.4,4.2,1.3,2.8,44.6,0,0,0,1.7,2.3,73.6,1.5,1.9,3.4,0.2,0.2,0.3,0.8,5.4
2006,56,11.3,3.1,1.2,2.2,54.4,0,0,0,0.7,1.2,59.7,1,1.6,2.7,0.2,0.2,0.5,0.6,4.5
2006,61,11,4.2,1.6,2.8,57.9,0,0,0,0.9,1.7,54.4,1,1.8,2.9,0.2,0.2,0.3,0.5,5.2
2006,41,10.5,4.1,1.5,3.4,43.3,0.4,1.3,34.6,0.7,0.8,84.4,0,0.6,0.7,1.3,0.4,0,0.4,4
2006,42,9.7,3.4,1.1,3.1,36.6,0.5,1.4,35.1,0.6,0.9,67.6,0.1,0.6,0.7,1.5,0.4,0,0.5,3.2
2006,49,9.2,1.9,0.7,2,32.7,0.1,0.6,21.4,0.5,0.8,64.9,0.2,0.7,0.8,1.7,0.5,0.1,0.6,2.8
2006,42,8.5,2.8,1.1,3,38.1,0.3,1.2,24,0.3,0.4,73.3,0.3,0.6,0.9,0.4,0.4,0.1,0.4,2.2
2006,61,8.1,2.9,1.2,2.2,55.6,0,0,0,0.4,0.6,66.7,0.6,0.7,1.3,0.2,0.3,0.1,0.4,3.1
2006,44,7.6,2.5,1,2.1,46.2,0,0.2,11.1,0.5,0.9,56.1,0.5,0.8,1.3,0.4,0.3,0,0.4,2.5
2006,38,7.1,2.4,1.1,1.9,56.8,0,0,0,0.2,0.4,60,0.7,1.3,1.9,0.1,0.2,0.1,0.8,2.9
2006,35,5.5,1.5,0.5,1.4,36,0.4,1.1,33.3,0.1,0.1,100,0.1,0.6,0.7,0.2,0.1,0,0.1,1.5
2005,78,36,16.1,5.2,12.1,43,0.6,2.3,28.2,5.1,6,84.7,0.8,4.3,5.1,7.8,2.2,0.1,2.4,21.2
2005,80,30.1,11.9,4.3,11,39.1,1.2,3.4,35.8,2,2.8,72.5,1,2.4,3.3,5.6,1.3,0.1,2.3,12.4
2005,81,29.1,13,5.4,11.6,46.3,0.9,2.6,32.7,1.4,2,70.6,2.2,4.2,6.4,1.1,0.7,0.8,1.2,14
2005,80,28.9,8.8,3.2,7.9,40.3,1.4,3.9,36.1,1.1,1.5,69.9,0.4,2.9,3.3,2.7,1.1,0.1,1.5,9.4
2005,80,28.8,10.8,4.2,10.1,42.1,1.1,2.7,41.6,1.2,1.7,70.4,0.4,2,2.4,4.5,0.8,0.2,1.8,10.5
2005,82,28.6,9.4,3.9,7.4,53.3,0,0,0,1.5,2.4,62.9,2.3,4.7,7,2.3,0.6,0.8,1.5,14.3
2005,79,24.7,8.5,3,6.7,44.3,0.2,0.7,24.5,2.4,3.2,74.7,1.5,3.3,4.8,0.8,0.6,0.3,1.1,9.5
2005,65,24.2,12.3,4.7,9.8,47.7,0,0.1,33.3,2.9,3.5,82.5,2.1,3.6,5.8,0.8,0.5,0.7,1.5,12.8
2005,64,23.2,5.5,2.1,4.9,42.3,0.1,0.7,16.3,1.2,1.4,84.8,0.5,1.7,2.2,4.5,0.7,0.1,1.6,8.3
2005,78,22.6,7.5,2.8,6.1,46.2,0.4,1.2,32.3,1.5,1.9,77.7,1.7,3.2,4.9,1.2,0.7,0.8,1,10.4
2005,61,22.6,7.6,2.8,5.8,48.7,0,0.1,33.3,1.8,2.4,75.2,1.7,3.2,4.9,1,0.6,0.1,0.9,9.6
2005,72,21.4,9.3,3.2,7.8,40.7,0.8,2,39.7,2.1,2.8,75.2,0.8,1.5,2.3,2,0.8,0,1.6,7.6
2005,75,20.8,7.3,2.3,5.7,39.6,1.1,3.1,36.4,1.6,1.8,91,0.3,1.8,2,3,0.5,0.1,1.6,7.8
2005,61,20.3,9.7,3.3,8.1,41.5,1.3,3.5,38,1.6,1.8,90,0.2,1.7,1.9,1.2,0.4,0.1,1.3,7
2005,79,20.2,6.7,2.4,5.4,44.2,0.3,1,26.3,1.6,2,80,0.2,1.8,2,2.8,0.5,0,1.3,7.3
2005,80,19.8,6.7,2.5,5.2,47.8,0.4,1.1,33.3,1.4,1.7,81.2,0.7,2.3,3.1,0.8,0.5,0.2,1.1,6.9
2005,67,19.4,5.6,1.9,4.9,40,0.6,2,28.5,1.2,1.5,77.2,0.6,2.2,2.8,1.4,0.6,0.7,1.1,6.7
2005,68,18.9,5.2,2.3,4.4,51,0,0,0,0.7,1.1,62.7,1.6,2.8,4.4,0.2,0.4,0.8,0.9,7.4
2005,49,18.1,6.8,2.7,6.5,41.5,0.6,1.7,34.1,0.9,1.2,71.2,0.4,1.7,2.1,1.6,0.7,0.2,1.2,6.1
2005,61,17.5,6.6,2.3,5.7,39.9,1.1,3,35.7,1,1.2,85.9,0.5,1.7,2.1,0.6,0.3,0.2,0.7,5.6
2005,79,17.2,7.9,3.1,6.8,45,0.8,2.3,37.2,1,1.3,73.6,0.4,1.4,1.8,0.8,0.6,0.3,1.1,6.2
2005,67,16.9,5.1,2,3.4,59.6,0,0,0,1.1,1.8,57.7,1.6,2.9,4.5,0.6,0.5,0.3,0.8,8.1
2005,36,15.7,5.8,2.1,5,41.4,0.7,1.6,41.4,0.9,1.1,80.5,0.6,1.3,1.9,0.9,0.3,0.1,0.9,4.9
2005,80,15.4,3.2,1.3,3.2,39.5,0.1,0.5,22.5,0.6,0.9,66.2,0.5,1.4,1.8,1.6,1,0.1,1.4,4.1
2005,69,14.9,7,2.5,4.8,52.4,0,0,0,2,2.4,81,1.4,1.9,3.3,0.4,0.2,0.4,1.1,7.5
2005,66,14.7,3.8,1.5,3.9,38,0.3,1.2,28.2,0.5,0.7,78.3,0.3,0.9,1.3,1.3,0.6,0.1,0.9,3.6
2005,18,13.3,4.7,1.7,4.9,33.7,0.4,1.4,26.9,0.9,1.3,73.9,0.4,1.3,1.7,1.8,0.4,0.3,0.8,4.4
2005,26,13.2,3,1.1,3.3,33.3,0.3,1.3,26.5,0.4,0.5,71.4,0.4,1.6,2,0.7,0.3,0.2,0.5,3.3
2005,59,12.8,3.4,1.3,2.6,51,0.2,0.3,50,0.7,0.8,78,1.1,2.3,3.3,0.5,0.3,0.4,0.5,6
2005,37,11.6,3,1,2.2,45.7,0,0,0,1,1.2,80,0.8,1.4,2.2,0.2,0.2,0.1,0.6,3.7
2005,68,10.6,4.1,1.5,3.4,44.3,0,0,0,1.1,1.7,66.1,0.6,1.5,2.1,0.4,0.2,0.3,0.8,3.9
2005,43,9.6,3.4,1.3,2.8,48.3,0,0,0,0.7,0.8,88.2,0.9,1.2,2,0.2,0.3,0,0.6,3.8
2005,39,9.5,1.8,0.7,2.1,35.8,0,0.4,6.7,0.3,0.6,50,0.2,0.6,0.8,0.3,0.1,0.1,0.5,0.9
2005,51,9.1,2.7,1,2.7,39,0.1,0.3,23.5,0.6,0.8,69.8,0.3,0.7,1,0.9,0.6,0.1,0.7,2.8
2005,23,8.8,3.4,1.2,3.3,36.8,0.2,0.9,25,0.8,1,75,0.8,0.9,1.7,0.7,0.3,0.1,0.4,3.4
2005,39,8.7,1.8,0.6,2.3,25,0.3,1.4,18.5,0.4,0.4,94.1,0.1,0.6,0.7,1.2,0.7,0.1,0.6,2.1
2005,57,8.7,1.8,0.6,1.4,42.5,0,0,0,0.6,0.9,62.3,1.1,1.5,2.5,0.1,0.3,0.2,0.7,3.1
2005,57,8.5,2.3,0.8,1.7,45.4,0,0,0,0.8,1.2,60.6,1,1.4,2.3,0.3,0.3,0.2,0.4,3.7
2005,61,8.5,3.5,1.3,2.8,44.5,0,0.2,15.4,0.9,1.3,70.4,0.6,1.3,1.9,0.2,0.2,0.2,0.3,3.8
2005,59,8.3,1.7,0.7,1.6,47.3,0,0,0,0.3,0.5,55.6,1,1.1,2.1,0.5,0.1,0.2,0.5,3.1
2005,46,7.3,1.6,0.7,1.8,40.2,0,0,0,0.2,0.6,29.6,0.7,1,1.7,0.2,0.1,0.5,0.4,2.3
2005,33,5.5,1.5,0.6,1.3,45.5,0,0.1,0,0.3,0.7,47.8,0.8,0.7,1.5,0.2,0.2,0.1,0.1,2.2
2004,73,35.6,15.1,6.1,13.7,44.7,0,0,0,2.9,4.7,60.9,3.8,7.1,10.9,0.9,0.8,1.7,1.7,18.3
2004,82,32.8,9,3.3,6.7,49.3,0.6,1.7,33.1,1.9,2.6,74.3,1.1,4.6,5.7,3,1.7,0.6,1.7,14.2
2004,82,32.6,12,4.3,8.3,52,0,0,0,3.4,5,67.1,3.5,6.5,10,0.9,0.9,1.7,2,17.9
2004,80,29.7,10.1,3.8,8,47,0.2,0.7,23.2,2.4,2.9,82.3,2.4,3.6,6,1.9,0.9,0.4,1.3,13.3
2004,74,27.7,9.7,3.7,8.1,45.5,0.1,0.3,17.4,2.2,3.2,68.8,2,4.2,6.2,1.7,0.8,1.9,1.8,13
2004,61,27.3,11.7,4.6,10.6,43.4,0.5,1.9,26.5,2,2.7,74.1,1.5,3.8,5.3,2.2,0.8,0.4,1.9,11.8
2004,82,26.5,5.9,2.1,6,35.2,1.1,3.2,35.5,0.6,0.8,73.1,0.3,2.3,2.6,4.9,1,0,1.4,8.9
2004,75,26.2,10,3.7,7.6,49.3,0,0,0,2.5,3.4,72.5,2.1,3.2,5.3,1,0.4,0.8,1.5,11.3
2004,76,24.5,10.3,3.9,9.8,39.4,1.1,3.7,28.8,1.5,2.1,68.9,0.5,1.5,2,1.9,0.7,0.1,1.4,7
2004,82,24.4,15.1,5.3,12.9,41.1,1.6,4,40.5,2.8,3.3,86.3,0.7,2,2.6,2,0.7,0.1,2.3,10.1
2004,81,23.4,8.4,3,7.4,40.1,0.3,1.2,25.8,2.1,2.7,76.6,0.9,3.9,4.8,1.5,0.5,0.4,1.7,8.8
2004,78,21.3,5.1,2.1,4.8,43.2,0,0.1,25,0.9,1.4,67.3,0.8,1.9,2.7,1.4,0.7,0.3,0.7,6.2
2004,79,20.4,8.7,3.6,7.9,45.5,0.6,1.8,31.2,0.9,1.4,68.2,0.7,1.8,2.4,3,1,0,1.5,8.9
2004,68,19.6,6.8,2.5,6.3,39.3,0.3,1,24.6,1.5,2,78.9,0.1,1.4,1.5,3.3,0.5,0.1,1.8,6.1
2004,23,19.2,4,1.6,5.5,29.1,0.6,2.3,25.9,0.2,0.3,62.5,0.7,2,2.7,0.9,0.6,0.1,0.7,3.4
2004,82,18.9,7.2,3,5.6,53.3,0.5,1.1,42.4,0.7,0.9,78.9,1.3,2.2,3.5,0.6,0.5,0.2,0.5,8.6
2004,43,17.7,6.1,2.5,4.3,57.6,0,0,0,1.2,2.1,57.1,1.1,2,3.1,0.3,0.4,1.3,1.2,7.3
2004,80,17.3,5.9,2.2,4.9,44.2,0,0.2,23.1,1.5,2.2,69.5,1.1,1.9,3,1.1,0.9,0.2,0.9,6.8
2004,82,17,5.6,2.3,4.3,53.7,0,0,0,1,1.4,70.3,1.9,2.7,4.6,0.4,0.4,0.6,0.8,8.5
2004,77,16.4,6.4,2.4,5,47.5,0.2,0.4,38.7,1.5,2,73.7,1.1,1.8,2.9,0.8,1,0.3,1,7.2
2004,54,16,4.9,1.8,3.6,51.3,0,0,0,1.3,2.4,53.5,2,2.7,4.8,0.5,0.8,0.7,0.5,8.3
2004,76,15.4,5.7,2.1,4.8,42.9,0.6,1.7,33.6,1,1.4,75.7,0.4,1,1.3,2.2,1,0.3,1.1,6.4
2004,46,15.3,4.6,1.8,4.3,41.2,0,0.1,0,1,1.6,64,1.4,2.4,3.8,0.9,0.5,0.4,1.4,5.7
2004,71,14.8,6.7,2.7,5.2,52.8,0,0,0,1.2,1.9,63,1.7,2.7,4.4,0.3,0.3,0.8,0.9,8.4
2004,80,14.4,5.9,2.2,4.9,44.4,0.7,1.8,40.8,0.8,1.1,75.3,0.2,0.8,1,1.9,0.5,0.1,1,5.5
2004,25,14.2,3.7,1.4,3.8,36.2,0.7,2.2,30.4,0.3,0.4,77.8,0.3,1.2,1.4,0.7,0.6,0,0.4,3.6
2004,68,13.3,5,1.8,4.8,37.2,0.4,1.3,35.3,0.9,1.4,66.7,0.7,1,1.8,0.5,0.4,0.3,0.8,3.6
2004,62,13,3.5,1.4,3.2,42.9,0,0.1,33.3,0.8,1.1,70.1,0.3,1,1.4,1.7,0.6,0.1,0.9,4.2
2004,67,13,4.1,1.7,4.3,40.4,0,0.1,33.3,0.7,1.5,43.6,1.1,1.9,2.9,0.6,0.4,0.3,0.8,4.2
2004,39,13,4.5,1.7,4,42.6,0.6,1.7,35.8,0.5,0.7,70.4,0.4,1.3,1.7,1.4,0.5,0.2,0.6,5.2
2004,38,12.7,3.1,1.2,3.3,36.3,0.4,1.4,26.9,0.4,0.5,73.7,0.3,0.8,1.1,1.8,0.5,0,0.7,3.6
2004,59,12.5,3.3,1.3,3,43.4,0,0.1,33.3,0.7,0.9,78.2,1,2.1,3.1,0.3,0.4,0.1,0.9,4.5
2004,36,12,3.1,1.2,3.5,33.6,0.3,1.4,24.5,0.4,0.7,62.5,0.1,0.8,0.9,1.4,0.4,0,0.7,2.5
2004,35,11.5,2.9,0.9,3.3,28.2,0.5,1.8,27,0.5,0.5,94.7,0.4,1.4,1.8,1.5,0.3,0.1,0.4,3.7
2004,38,11.4,3.3,1.2,3,38.9,0.2,0.6,27.3,0.9,1.3,68.8,0.5,0.9,1.4,1,0.6,0.1,0.7,3.6
2004,11,10.6,2.4,1.1,1.8,60,0,0,0,0.2,0.5,33.3,1.5,1.8,3.4,0.4,0.4,0.4,0.6,5.1
2004,45,10.1,2.9,1,2.6,38.5,0.1,0.6,20,0.8,1.2,65.5,0.6,0.6,1.3,0.5,0.4,0.1,0.5,2.6
2004,27,9.4,2.3,0.9,2.1,39.7,0,0,0,0.6,1,59.3,0.7,1.4,2.1,0.1,0.4,0.1,0.4,3
2004,45,7.9,2.6,1,2.2,48,0,0,0,0.5,1,55.8,1.2,1.7,2.8,0.2,0.2,0.3,0.6,4
2004,16,4.8,2.2,0.9,1.8,48.3,0.3,0.6,50,0.1,0.1,100,0.1,0.1,0.2,0.7,0.1,0,0.7,1.6
2003,79,39.5,20.9,7.9,18.9,41.7,0.8,2.7,29,4.4,5.8,75.4,1.3,4.2,5.5,5.9,1.6,0.7,3.5,18.8
2003,82,36.5,21,7.6,17.9,42.6,0.8,2.6,32.2,5,6.4,77.7,2.2,3.8,6.1,2.8,1.2,0.5,3,16.9
2003,76,35.6,12,4.2,10.8,38.6,1.9,4.9,39,1.8,2.2,80.4,0.6,2.9,3.4,6.8,1.3,0.3,2.7,14.1
2003,61,34.9,16.2,6.1,13.1,46.5,0.3,0.9,30.2,3.8,5.1,74.7,1.4,2.7,4,4.5,1.4,0.6,3.2,15.3
2003,75,33.5,11.5,4.4,9.5,45.9,0.1,0.2,35.7,2.7,3.8,70.1,2.5,4.9,7.4,1,0.8,1.4,1.4,14.4
2003,70,29.2,9.6,4,9.9,40,0.6,1.9,30.5,1.1,1.4,78.6,1,2.8,3.8,1.5,1,0.2,1.6,8.2
2003,55,26.8,7.1,2.8,7.2,38.4,0.1,0.4,23.8,1.5,1.8,81.6,0.7,2.5,3.2,6.5,1.1,0.1,2.5,10.6
2003,76,25.3,4.5,1.8,4.1,44.7,0.1,0.3,23.1,0.7,1.2,60.2,1.5,3,4.5,2.4,0.8,0.5,1.7,8.2
2003,73,24.5,6.8,2.5,6.2,40.3,0.9,2.6,35.8,0.9,1.4,63.1,1.5,2.9,4.3,1.3,0.6,0.1,1,8
2003,75,23.9,7.3,2.7,6,45.9,0,0,0,1.9,2.4,76.5,2.5,3.8,6.3,0.7,0.4,0.3,1,10.3
2003,67,23.7,8.6,3.4,7.9,43,0.3,1,30.3,1.4,2.1,70.3,2.2,3.3,5.5,1.4,1,0.8,1,11.2
2003,82,22.5,6.1,2.4,5.3,46,0,0,0,1.2,1.7,69.7,1.5,4.1,5.6,1,0.3,0.9,1.9,8.6
2003,70,21.4,7.9,3,6.7,44.7,1.2,3,39.5,0.7,0.9,77,0.3,1.4,1.8,2.4,1.3,0.1,1.7,7.8
2003,82,19.7,7,2.7,6.3,43.1,0.3,1,29.4,1.2,1.4,86.3,0.3,1.6,1.9,3.7,0.8,0,2.1,7.5
2003,38,19.1,4.5,1.7,3.6,45.7,0.1,0.3,15.4,1.1,1.6,70.5,1.4,2.6,4,1.3,0.7,0.1,1.2,6.9
2003,47,19,6.2,2.4,6,39.4,0.1,0.2,44.4,1.4,2.2,62.9,1.2,2.4,3.6,1.2,0.7,0.4,1.1,6.4
2003,75,18.6,5.9,2.1,5.4,38.6,1,2.7,37.1,0.7,0.9,82.1,0.2,1.3,1.6,2.8,0.8,0.1,1.7,5.9
2003,56,18.6,8.5,3.6,7.3,49.4,0.2,0.6,30.6,1.1,1.4,76.9,1.2,1.4,2.6,2.1,0.9,0.2,0.8,9.5
2003,41,17.9,4.2,1.8,5,35.5,0.2,0.8,21.2,0.5,0.9,59.5,1.4,3,4.5,0.7,0.9,0.8,0.9,6.6
2003,81,17.1,5.9,2.2,5.5,40,0.3,1.1,31.4,1.2,1.6,75.6,0.4,1.3,1.6,2.2,1.1,0.2,1.5,5.8
2003,69,16.1,5.5,2.1,5.1,41.4,0.4,1.2,33.8,0.9,1.1,82.3,0.5,1.1,1.6,2.4,0.8,0.1,1.2,6
2003,53,14.5,6.9,2.7,6.7,40.1,0.4,1.2,31.1,1.1,1.5,72.8,0.3,0.9,1.2,1,0.5,0.1,1.1,4.1
2003,79,14.5,4.8,1.9,4.8,39.6,0.2,0.9,27.1,0.8,1.1,77.4,0.6,1.5,2,0.8,0.5,0.2,0.8,4.4
2003,62,14.1,3.5,1.5,3.2,47.2,0,0,0,0.5,0.7,66.7,1,2.2,3.3,0.5,0.6,0.6,0.6,6
2003,53,14.1,5.3,1.8,4.4,41.6,0.7,2,33.3,1,1.4,69.3,0.9,1.3,2.2,0.5,0.6,0.2,0.8,5.1
2003,57,13.5,5,2,5.3,38,0.2,0.7,25.6,0.8,1,78.6,0.4,0.9,1.3,1.3,0.5,0,0.9,3.7
2003,73,13.4,4.6,1.8,3.7,48.7,0,0,0,1,1.2,80.7,1.2,1.8,3.1,0.7,0.6,0.2,0.6,6.4
2003,71,13.1,3.8,1.5,3.2,47.4,0,0,0,0.8,1.1,71.3,1.6,2.5,4.2,0.8,0.4,0.4,0.7,7
2003,35,12.6,4.4,1.9,4,47.5,0,0.1,0,0.6,0.8,75,0.9,2,2.9,0.6,0.5,0.5,0.5,6
2003,41,12.4,3,1.1,3.2,35.4,0.2,0.7,30,0.5,0.7,81.5,0.7,1,1.7,0.5,0.2,0.2,0.4,3.1
2003,74,11.9,4.5,1.6,4.4,35.2,1.1,2.8,39.1,0.3,0.3,79.2,0.4,1.1,1.5,0.5,0.3,0.1,0.6,3.5
2003,42,11.8,4.3,1.6,3.3,49.3,0,0,0,1,1.4,72.4,1.6,2.1,3.7,0.3,0.4,0.3,0.8,6.2
2003,49,11.6,4.1,1.7,4,41.1,0.1,0.7,18.8,0.7,1.1,66,0.5,1.5,2,0.8,0.2,0.3,1.1,3.6
2003,36,11.3,3.5,1.5,3.2,45.7,0,0.1,0,0.5,1.2,44.2,1.4,1.9,3.3,0.5,0.4,0,0.6,4.6
2003,59,11.3,3.3,1.2,3,38.9,0,0,0,1,1.5,64.4,1.2,1.8,2.9,0.2,0.4,0.2,0.6,4.1
2003,21,10.7,4.6,2,4.2,48.9,0,0.2,0,0.5,0.6,76.9,0.4,1.7,2.1,0.4,0.1,0.1,0.7,4.4
2003,41,10.4,3.5,1.3,3.1,40.3,0.5,1.1,47.7,0.5,0.6,83.3,0.5,0.9,1.3,0.3,0.3,0.1,0.5,3.1
2003,72,10.1,2.4,0.9,2.1,42.5,0.2,0.5,33.3,0.4,0.6,70.5,0.5,1.2,1.8,1.6,0.4,0.1,0.6,4.2
2003,49,9.7,3.1,1.1,2.6,41.1,0.2,0.7,28.1,0.8,1.2,63.3,0.3,0.8,1.1,1.4,0.3,0.1,0.7,3.2
2003,38,9.6,1.8,0.7,2.3,29.1,0.1,0.3,30,0.4,0.7,64,0.2,0.8,1,1.1,0.3,0.1,0.5,1.9
2003,54,8.7,3.4,1.2,2.6,45.3,0.6,1.7,37,0.4,0.5,88.5,0.2,0.8,1,0.4,0.3,0.1,0.1,3.6
2003,16,4.4,1.2,0.4,1,43.8,0.1,0.2,33.3,0.3,0.4,66.7,0.1,0.3,0.4,0.1,0.1,0,0.4,0.7
2002,78,36.6,15.4,5.5,13.2,41.6,0.4,1.4,31.8,4,4.8,82.4,1.7,3.4,5.1,2.7,1.8,0.4,2.5,14.3
2002,82,31.3,13.5,4.8,10.1,47.2,0,0.1,20,3.9,5.9,66.1,3,5.7,8.8,1,0.8,1.1,2.3,15.4
2002,47,29.5,13.4,4.7,12.9,36.9,1.2,3.7,31.6,2.7,3.4,80,0.4,1.3,1.7,2.8,0.8,0.1,1.8,8.2
2002,82,29,13.5,4.9,9.8,49.8,0,0,50,3.7,4.5,81.1,2.4,5.8,8.2,1.7,0.4,1.8,2.1,17.6
2002,76,28.3,12.3,4.6,10.6,43.6,1.1,3.3,34.1,2,2.4,82,0.5,2.7,3.1,1.8,0.7,0.1,1.9,9.7
2002,80,28.2,10.5,4,7.7,51.9,0,0,0,2.5,4.3,57.8,2.6,3.5,6.1,1.9,1.6,0.8,2.3,13.1
2002,70,26.8,12.5,5.1,11.1,45.7,0.2,0.7,29.2,2.2,3,71.2,2.3,4.2,6.5,1.2,0.8,0.5,2.1,12.4
2002,75,26.1,9.5,3.6,9.1,39.9,0.9,2.7,32.2,1.4,2.1,64,0.4,2.2,2.6,4.7,1.1,0.2,2.3,9.6
2002,81,25.3,10,4.1,7.6,53.6,0,0,0,1.8,2.4,77.1,2.5,5,7.5,1.3,0.7,0.6,1.3,14.8
2002,82,24.4,5.1,2.1,5.7,36.2,0.1,0.3,25,0.9,1.4,65.2,0.5,2.5,3,3.4,1,0.2,1.9,6.7
2002,64,23.5,8.3,2.7,7.3,36.9,1.6,4.5,35.3,1.3,1.7,76.6,0.3,2,2.3,2.6,0.6,0.1,0.9,7.8
2002,59,23.4,6.9,2.8,7.3,39.3,0.4,1.3,26.9,0.8,1.1,79,0.6,2.1,2.7,2.2,1,0.6,1.4,7.4
2002,72,21,7.5,2.9,7.9,36.2,0.7,2.4,29.2,1.1,1.4,73.1,0.4,2.2,2.6,1.3,0.3,0.6,1.1,5.7
2002,66,20.9,7.4,2.7,6.8,40.1,0.8,2.5,31.9,1.2,1.6,75.2,0.5,1.9,2.4,2.9,1.5,0.2,1.6,8.4
2002,69,20.7,7.6,2.5,5.8,43.8,0.7,2.1,34.5,1.8,2.5,73.7,0.7,1.7,2.3,2,1.4,0.3,1.4,8.2
2002,67,20.4,3.2,1,2.1,47.1,0,0,0,1.2,2.3,51.9,2.5,4.1,6.6,0.5,0.6,0.2,0.8,8.1
2002,72,19,6.9,2.5,5.9,42.6,0.5,1.6,33.9,1.3,1.8,73.3,1.6,3,4.7,1,0.3,0.5,0.9,8.6
2002,66,16.7,6.2,2.1,5.1,40.2,0.6,1.8,32.2,1.5,1.8,83.1,0.4,1.4,1.8,2.5,0.7,0.2,2,6
2002,75,16.6,6.4,2.6,6.2,42.2,0.2,1.1,22.2,0.9,1.2,78.4,1.1,2.3,3.4,0.7,0.6,0.2,0.9,6.5
2002,81,16.3,3.9,1.4,4.9,29.3,0.5,1.9,24.3,0.6,0.8,73.8,0.8,1.4,2.2,1.1,0.4,0.4,1,3.3
2002,82,15.9,5.7,2,5.1,40.3,0.6,1.8,34.7,1,1.2,78,0.8,1.8,2.6,1.3,0.7,0.2,1.1,6.1
2002,72,15.9,5.1,1.7,4.5,37.3,0.7,2.3,31.5,1,1.5,68.6,0.4,0.8,1.2,1,0.5,0.1,0.8,3.8
2002,49,15.5,3.4,1.4,3,48.3,0,0,0,0.6,1.1,51.8,1.3,2.7,4,0.2,0.5,1.1,0.6,6.5
2002,42,15.4,6.4,2.5,6.5,38.4,0.6,2,29.8,0.9,1.1,80.4,0.3,1.4,1.7,1,0.6,0.1,1,4.6
2002,52,15.4,4.5,1.8,3.6,49.5,0,0,0,1,1.4,70.3,1.2,2.1,3.3,0.3,0.2,0.6,1,5.8
2002,46,15,3.2,1.1,3.2,33.8,0.2,0.8,28.6,0.8,1,78.7,0.4,1.1,1.5,2,0.6,0.1,0.6,4.5
2002,35,13.9,4.8,1.6,3.7,43.4,0,0.1,0,1.6,2.3,69.5,0.7,1.6,2.4,0.9,0.2,0.1,0.7,4.9
2002,51,13.1,3.9,1.5,3.8,38.7,0.4,1.1,33.3,0.6,0.8,67.4,0.3,0.8,1.2,0.4,0.4,0.3,0.9,2.6
2002,62,12.6,4.3,1.8,4.8,38.2,0,0.1,14.3,0.6,0.9,69,0.9,1.4,2.4,0.4,0.3,0.4,0.8,3.7
2002,55,12.4,4.8,1.7,3.7,46.6,0,0,0,1.3,1.9,68,1.2,1.8,3,0.3,0.2,0.4,0.8,5.2
2002,58,11.8,2.3,1,2.6,38.5,0.2,0.4,41.7,0.2,0.3,50,0.3,1.1,1.3,0.8,0.5,0.1,0.5,2.8
2002,76,11.5,3,1.3,3.2,39.3,0.3,0.9,27.9,0.2,0.3,69.6,0.3,0.9,1.2,0.9,0.1,0.1,0.8,2.5
2002,39,11.3,4.1,1.7,3.9,43.1,0.1,0.3,25,0.7,1,68.4,0.5,0.8,1.4,0.2,0.2,0.5,0.5,3.3
2002,46,10.4,3.7,1.6,3,52.1,0,0,0,0.5,1.1,50,0.7,1.6,2.3,0.5,0.1,0.3,0.6,4.3
2002,50,10.3,3.7,1.4,3.4,41.2,0.4,1.2,36.1,0.4,0.5,80.8,0.2,0.7,0.9,1.7,0.3,0,1.1,3.4
2002,42,10.4,3.3,1.3,2.8,44.9,0.5,1.1,42.6,0.3,0.4,64.7,0.1,1,1.1,0.6,0.2,0.3,0.5,3.3
2002,48,9.3,1.9,0.7,2.5,29.2,0,0,0,0.5,0.8,59,0.7,1.4,2.1,0.2,0.2,0.4,0.5,2.2
2002,64,7.9,2.1,0.8,1.8,41.4,0.2,0.5,32.3,0.4,0.5,74.3,0.3,0.7,0.9,0.7,0.3,0.1,0.5,2.4
2002,36,7.6,2.6,1.1,2.9,37.9,0.2,0.7,28,0.2,0.3,70,0.2,0.6,0.9,0.4,0.4,0.1,0.6,1.9
2002,53,6.3,2.4,1.1,2.2,50,0.1,0.2,33.3,0.1,0.4,35,0.3,0.7,1,0.2,0.3,0,0.4,2.2
2002,37,6.3,1.6,0.5,2,25.3,0,0.1,25,0.6,0.8,75.9,0.3,0.4,0.8,0.7,0.2,0.1,0.5,1.2
2002,19,5.8,1.6,0.6,1.9,29.7,0.3,0.7,35.7,0.2,0.2,75,0.1,0.4,0.4,0.6,0.1,0.1,0.1,1.3
2002,42,5.8,1.9,0.5,1.4,37.9,0.1,0.3,41.7,0.7,0.9,80.6,0.1,0.3,0.4,0.8,0.1,0,0.6,1.6
2002,35,4.1,1.5,0.6,1.7,33.9,0.1,0.2,50,0.2,0.3,88.9,0.3,0.5,0.7,0.2,0.2,0.1,0.1,1.4
2001,78,39.7,14.4,5.3,12.3,42.9,1.3,3.5,37.3,2.5,3.6,70,2.3,3.1,5.4,2.8,1.6,1,2,15
2001,82,36.7,17.6,6.7,13,51.8,0,0.1,20,4.1,5.8,70.9,2.9,6,8.9,2.7,0.5,2.1,2.7,21.1
2001,80,32.9,14.4,5.8,13.6,42.6,1,3.1,33.3,1.8,2.6,67.1,1.6,2.7,4.3,3,1.3,0.4,2,12.6
2001,80,30.5,9.4,3.6,9.5,38,0.5,2.2,24,1.6,2.3,70.4,1,2.8,3.7,8.1,1.7,0.5,3.4,13.5
2001,77,29.4,9.2,3.5,8.3,41.9,0.8,2.5,32.3,1.4,2.1,67.5,0.4,2.1,2.6,4.3,1.2,0.1,2,9.8
2001,78,28.7,8.7,3.4,8.1,42.5,0.8,2.1,36.4,1.1,1.5,76.3,0.8,2.4,3.3,2.2,0.7,0.6,1.3,9.2
2001,82,26.2,10.7,3.5,7.7,45,0.3,1.2,25,3.5,4.5,76.8,1.8,3.1,4.9,1.1,1.4,1.9,1.3,13.5
2001,73,26,8.8,3.3,9.1,36.6,1.2,3.7,33,0.9,1.2,74.4,1.6,4.1,5.7,0.7,0.2,1.8,0.6,10.6
2001,77,24.9,7.5,3.3,7.6,43,0.5,1.7,29.2,0.5,0.7,77.4,1,2.4,3.3,2.3,0.8,0.3,0.9,8.8
2001,47,24.6,10.9,3.7,8.2,45.3,0.8,2.4,34.5,2.6,3.4,77.5,0.9,1.9,2.8,3.7,1.5,0.2,2.1,11.8
2001,79,24.3,9.4,3.4,7.5,45.7,0.2,0.7,23.2,2.4,3.4,71.3,1.1,2.6,3.7,1.8,0.8,0.6,1.4,9.9
2001,67,22.8,7.2,2.7,6.7,40,0.1,0.5,12.1,1.7,2,83.8,0.7,1.7,2.4,3,1.4,0.1,1.4,8.2
2001,70,20.6,6.4,2.3,4.9,46.1,0,0,0,1.9,2.6,74,2,2.3,4.2,0.8,0.4,0.3,0.8,8.1
2001,62,20.4,5.1,1.8,3.6,49.3,0,0,0,1.6,2.6,60.6,2.3,2.9,5.2,0.5,0.3,1.5,0.8,8.9
2001,61,20.2,6.7,2.4,5.8,41.2,1.1,2.6,42,0.8,1.2,68.1,0.7,3,3.8,1.3,0.9,0.4,1.2,8.1
2001,71,19.6,6.1,2.1,4.3,49.7,0,0,0,1.9,3.1,60.4,1.6,3.2,4.8,0.8,0.4,1.3,1.4,8.6
2001,64,18.3,6.8,3,6.5,46.1,0,0,0,0.9,1.1,75.3,1.2,2.3,3.4,0.8,0.3,0.5,0.8,7.3
2001,77,18.3,4.5,1.5,3.6,42.1,0,0,50,1.5,2.1,70.1,1.7,2.2,3.9,1.1,0.4,0.6,0.9,6.8
2001,82,17.7,5.9,2.2,5.2,42.1,0,0.1,33.3,1.5,1.9,77.6,1.2,2.7,3.9,0.9,0.4,0.3,1,6.9
2001,65,16.6,6,2.1,5.2,39.6,0.6,1.9,29.4,1.3,1.6,78.1,0.7,1.2,1.9,0.6,0.4,0.1,0.8,4.7
2001,68,16.3,3.8,1.6,4.3,38.4,0.2,1.1,19.2,0.3,0.4,64.3,1.1,2,3.1,0.9,0.3,0.4,0.7,5.1
2001,72,16,6.7,2.6,5.2,50.1,0,0,0,1.5,2.2,65.6,1.5,2.2,3.8,0.3,0.2,0.7,1,7.5
2001,74,15.9,6.9,2.6,5.1,50.5,0,0,0,1.8,2.4,77.1,1.1,2.8,3.9,0.5,0.4,1,1.1,8.6
2001,36,15.6,5.3,2,5.5,36.7,0.2,0.8,25.9,1,1.3,78.3,0.5,1,1.4,3,0.9,0,1.5,5.3
2001,64,15.1,3.6,1.5,3.3,45.3,0.3,0.7,36.4,0.4,0.6,63.9,0.5,0.8,1.3,2,0.9,0.1,0.8,5.1
2001,57,14.3,4.5,1.6,4.3,38.7,0,0,0,1.2,1.7,70.7,1.1,2.4,3.5,0.8,0.3,0.5,0.8,5.6
2001,62,14.1,5.2,1.8,5.3,34.1,0.7,2.6,28.4,0.8,1.2,67.1,0.2,0.9,1.1,1.5,0.6,0.1,1,3.5
2001,47,13.1,4.3,1.7,3.2,53.6,0,0,0,0.9,1.6,55.4,1.2,2.7,3.9,0.1,0.4,0.7,0.6,6.7
2001,40,10.1,3.1,1.2,2.9,42.6,0.1,0.3,33.3,0.5,0.7,75,0.3,0.8,1.1,1.8,0.5,0.1,1,3.6
2001,37,10,3,1.3,3,44.1,0,0.1,0,0.4,0.5,72.2,0.3,0.8,1.1,1.9,0.3,0,0.6,3.9
2001,53,9.7,3.6,1.3,2.8,45.6,0,0,0,1,1.8,58.5,0.8,1.1,1.8,0.1,0.1,0.8,0.3,3.8
2001,60,8.6,1.8,0.6,1.6,34.4,0,0,0,0.7,1,73.3,0.8,1.3,2,0.4,0.3,0.6,0.6,3.2
2001,53,8.5,3.1,1.2,2.2,51.7,0,0,0,0.8,1.1,73.7,0.6,1.4,2,0.1,0.1,0.1,0.6,3.5
2001,54,8,3.2,1.4,3.2,42.9,0,0.1,0,0.4,0.9,50,0.9,0.7,1.6,0.5,0.3,0.1,0.4,3.1
2001,21,7.4,3.8,1.2,3.2,38.2,0.7,1.9,38.5,0.6,0.6,92.3,0.1,0.4,0.5,1.2,0.2,0,0.5,3.2
2001,41,5.8,2.8,1.2,2.6,44.9,0,0,0,0.4,0.7,66.7,0.8,0.9,1.7,0.3,0.2,0.1,0.4,3
2001,35,5.6,1.8,0.8,2.4,31.8,0.1,0.5,29.4,0.1,0.3,50,0.3,0.2,0.5,0.2,0.2,0,0.2,0.7
