"","LOCNUMBER","SITEI","YEAR","DATE","HourFromNoon","COUNTS"
"1",12,"1","1990",28,0.799999999999999,50
"2",12,"1","1990",29,0.116666666666667,41
"3",12,"1","1990",30,-0.166666666666666,43
"4",12,"1","1990",31,-0.483333333333334,45
"5",12,"1","1990",32,-2.08333333333334,29
"6",12,"1","1990",35,-1.18333333333334,19
"7",12,"1","1990",38,0.600000000000001,27
"8",12,"1","1990",42,0.433333333333332,37
"9",12,"1","1991",22,-0.333333333333329,61
"10",12,"1","1991",23,-0.433333333333334,52
"11",12,"1","1991",26,0.100000000000001,34
"12",12,"1","1991",27,-0.0333333333333332,32
"13",12,"1","1991",29,-0.266666666666667,48
"14",12,"1","1991",30,-0.0166666666666657,34
"15",12,"1","1991",31,0.0166666666666675,27
"16",12,"1","1991",32,0.116666666666665,20
"17",12,"1","1992",27,1,57
"18",12,"1","1992",27,-1.55,61
"19",12,"1","1992",28,0.900000000000002,56
"20",12,"1","1992",29,0.366666666666667,52
"21",12,"1","1992",30,-0.583333333333334,47
"22",12,"1","1992",32,-0.733333333333334,41
"23",12,"1","1992",34,-0.433333333333335,41
"24",12,"1","1992",35,-0.183333333333334,29
"25",12,"1","1992",37,-0.266666666666667,17
"26",12,"1","1993",24,-0.416666666666668,50
"27",12,"1","1993",25,-0.283333333333333,18
"28",12,"1","1993",26,-0.333333333333334,0
"29",12,"1","1993",27,-0.916666666666668,10
"30",12,"1","1993",28,-0.0666666666666735,20
"31",12,"1","1993",34,0.516666666666666,21
"32",12,"1","1993",36,0.533333333333333,36
"33",12,"1","1994",22,0.4,42
"34",12,"1","1994",23,0.183333333333332,60
"35",12,"1","1994",24,0.166666666666666,54
"36",12,"1","1994",38,0.6,27
"37",12,"1","1994",39,0.149999999999999,34
"38",12,"1","1994",40,0.15,34
"39",12,"1","1995",17,-0.100000000000001,61
"40",12,"1","1995",18,0,61
"41",12,"1","1995",19,-0.483333333333333,54
"42",12,"1","1995",20,-0.216666666666669,47
"43",12,"1","1995",21,-0.283333333333335,47
"44",12,"1","1995",22,-0.283333333333331,46
"45",12,"1","1995",23,-0.899999999999999,45
"46",12,"1","1995",25,1.56666666666667,48
"47",12,"1","1996",17,-0.0666666666666647,48
"48",12,"1","1996",18,-0.266666666666666,53
"49",12,"1","1996",19,0.15,54
"50",12,"1","1996",22,-0.0833333333333321,18
"51",12,"1","1996",24,0.116666666666667,26
"52",12,"1","1997",19,-0.600000000000001,49
"53",12,"1","1997",19,0.0166666666666675,61
"54",12,"1","1997",21,-0.133333333333331,49
"55",12,"1","1997",23,0.483333333333334,54
"56",12,"1","1997",24,0.316666666666666,50
"57",12,"1","1997",25,0.0166666666666675,18
"58",12,"1","1997",27,-0.0999999999999996,32
"59",12,"1","1998",17,-0.283333333333333,36
"60",12,"1","1998",18,-0.449999999999999,34
"61",12,"1","1998",19,-1.08333333333334,45
"62",12,"1","1998",22,1.2,57
"63",12,"1","1998",23,0.516666666666666,56
"64",12,"1","1998",25,0.25,59
"65",12,"1","1999",17,-0.116666666666665,61
"66",12,"1","1999",18,-0.350000000000001,68
"67",12,"1","1999",19,-0.25,54
"68",12,"1","1999",23,-0.866666666666667,37
"69",12,"1","1999",24,-0.533333333333331,68
"70",12,"1","1999",25,-0.833333333333336,44
"71",12,"1","1999",26,0.85,53
"72",12,"1","2000",15,-1.5,28
"73",12,"1","2000",16,-0.0499999999999989,42
"74",12,"1","2000",17,-0.0500000000000025,32
"75",12,"1","2000",18,-0.283333333333335,49
"76",12,"1","2000",19,-0.15,49
"77",12,"1","2000",20,-0.200000000000001,51
"78",12,"1","2001",18,0.133333333333334,31
"79",12,"1","2001",20,1.05,26
"80",12,"1","2001",22,-0.0666666666666664,29
"81",12,"1","2001",23,0.15,53
"82",12,"1","2001",25,-0.383333333333335,43
"83",12,"1","2002",14,0.583333333333336,89
"84",12,"1","2002",15,0.333333333333334,65
"85",12,"1","2002",16,0.4,83
"86",12,"1","2002",17,0.616666666666667,32
"87",12,"1","2002",18,-0.466666666666665,42
"88",12,"1","2002",19,-0.533333333333335,53
"89",13,"2","1990",28,0.983333333333334,43
"90",13,"2","1990",29,-0.0833333333333339,33
"91",13,"2","1990",30,-0.0500000000000025,32
"92",13,"2","1990",31,-0.766666666666669,20
"93",13,"2","1990",32,-2.01666666666667,31
"94",13,"2","1990",35,-1.41666666666666,21
"95",13,"2","1990",38,0.700000000000001,26
"96",13,"2","1990",42,0.183333333333332,29
"97",13,"2","1991",22,-0.216666666666661,26
"98",13,"2","1991",23,-0.300000000000004,25
"99",13,"2","1991",24,1.05,18
"100",13,"2","1991",26,-0.0833333333333321,28
"101",13,"2","1991",27,0.0666666666666682,23
"102",13,"2","1991",28,-0.133333333333333,22
"103",13,"2","1991",29,-0.15,22
"104",13,"2","1991",30,-0.216666666666665,27
"105",13,"2","1991",31,0.116666666666667,28
"106",13,"2","1991",32,-0.0833333333333339,27
"107",13,"2","1992",27,-1.78333333333333,28
"108",13,"2","1992",27,1.13333333333333,41
"109",13,"2","1992",28,1,35
"110",13,"2","1992",29,0.200000000000001,29
"111",13,"2","1992",30,-0.500000000000002,25
"112",13,"2","1992",32,-0.633333333333333,33
"113",13,"2","1992",34,-0.666666666666666,38
"114",13,"2","1992",35,-0.100000000000001,36
"115",13,"2","1992",37,-0.433333333333334,33
"116",13,"2","1993",24,-0.333333333333336,37
"117",13,"2","1993",25,-0.183333333333334,22
"118",13,"2","1993",26,-0.5,32
"119",13,"2","1993",27,-0.833333333333334,24
"120",13,"2","1993",28,-0.233333333333338,10
"121",13,"2","1993",34,0.616666666666665,27
"122",13,"2","1993",36,0.366666666666667,18
"123",13,"2","1994",22,0.166666666666666,36
"124",13,"2","1994",23,-0.0333333333333332,41
"125",13,"2","1994",24,-0.0833333333333321,42
"126",13,"2","1994",25,0.133333333333333,33
"127",13,"2","1994",38,0.35,22
"128",13,"2","1994",39,-0.0500000000000007,14
"129",13,"2","1994",40,-0.0500000000000025,28
"130",13,"2","1995",17,-0.300000000000001,42
"131",13,"2","1995",18,-0.183333333333335,47
"132",13,"2","1995",19,-0.716666666666667,45
"133",13,"2","1995",20,-0.416666666666666,35
"134",13,"2","1995",21,-0.550000000000001,42
"135",13,"2","1995",22,-0.18333333333333,40
"136",13,"2","1995",23,-0.800000000000001,37
"137",13,"2","1995",25,1.38333333333333,29
"138",13,"2","1996",17,-0.266666666666666,26
"139",13,"2","1996",18,-0.0999999999999996,22
"140",13,"2","1996",19,-0.0666666666666664,22
"141",13,"2","1996",22,-0.300000000000001,22
"142",13,"2","1996",24,-0.0999999999999996,22
"143",13,"2","1997",19,-0.800000000000001,19
"144",13,"2","1997",19,0.0999999999999996,22
"145",13,"2","1997",20,0.0166666666666675,15
"146",13,"2","1997",21,-0.0333333333333314,16
"147",13,"2","1997",23,0.299999999999999,13
"148",13,"2","1997",24,0.416666666666666,24
"149",13,"2","1997",25,-0.183333333333334,21
"150",13,"2","1997",27,-0.299999999999999,23
"151",13,"2","1998",17,-0.166666666666664,1
"152",13,"2","1998",18,-0.599999999999994,6
"153",13,"2","1998",19,-0.966666666666669,3
"154",13,"2","1998",22,1.06666666666667,4
"155",13,"2","1998",23,0.35,5
"156",13,"2","1998",25,0.116666666666667,12
"157",13,"2","1999",17,-0.266666666666666,7
"158",13,"2","1999",18,-0.533333333333335,1
"159",13,"2","1999",19,-0.433333333333334,3
"160",13,"2","1999",23,-0.75,4
"161",13,"2","1999",24,-0.433333333333334,3
"162",13,"2","1999",25,-1,6
"163",13,"2","1999",26,0.666666666666666,8
"164",13,"2","2000",15,-1.7,3
"165",13,"2","2000",16,-0.25,5
"166",13,"2","2000",17,-0.216666666666669,0
"167",13,"2","2000",18,-0.200000000000003,9
"168",13,"2","2000",19,-0.0333333333333332,5
"169",13,"2","2000",20,-0.366666666666667,5
"170",13,"2","2001",17,0.116666666666667,7
"171",13,"2","2001",21,-0.216666666666667,33
"172",13,"2","2001",22,-0.199999999999998,24
"173",13,"2","2001",23,0.283333333333333,30
"174",13,"2","2001",24,-0.800000000000001,18
"175",13,"2","2001",25,-0.483333333333336,30
"176",13,"2","2002",14,0.733333333333336,2
"177",13,"2","2002",15,0.200000000000003,1
"178",13,"2","2002",16,0.200000000000003,0
"179",13,"2","2002",17,0.383333333333335,0
"180",13,"2","2002",18,-0.699999999999996,3
"181",13,"2","2002",19,-0.383333333333336,1
"182",14,"3","1990",28,1.16666666666667,31
"183",14,"3","1990",29,-0.0166666666666657,27
"184",14,"3","1990",30,0.0333333333333314,29
"185",14,"3","1990",31,-0.733333333333334,32
"186",14,"3","1990",32,-1.96666666666667,31
"187",14,"3","1990",35,-1.36666666666667,18
"188",14,"3","1990",38,0.750000000000002,40
"189",14,"3","1991",22,-0.149999999999999,42
"190",14,"3","1991",23,-0.233333333333334,35
"191",14,"3","1991",26,-0.0166666666666657,15
"192",14,"3","1991",27,0.116666666666667,34
"193",14,"3","1991",28,-0.0833333333333321,27
"194",14,"3","1991",29,-0.100000000000001,34
"195",14,"3","1991",30,-0.15,35
"196",14,"3","1991",31,0.233333333333334,40
"197",14,"3","1991",32,-0.033333333333335,34
"198",14,"3","1992",27,-1.7,41
"199",14,"3","1992",27,1.28333333333333,53
"200",14,"3","1992",28,1.05,42
"201",14,"3","1992",29,0.216666666666667,44
"202",14,"3","1992",30,-0.450000000000001,37
"203",14,"3","1992",32,-0.583333333333334,36
"204",14,"3","1992",34,-0.600000000000001,51
"205",14,"3","1992",35,-0.0333333333333332,45
"206",14,"3","1992",37,-0.4,44
"207",14,"3","1993",24,-0.250000000000002,48
"208",14,"3","1993",25,-0.0999999999999979,29
"209",14,"3","1993",26,-0.483333333333334,44
"210",14,"3","1993",27,-0.75,19
"211",14,"3","1993",28,-0.183333333333337,25
"212",14,"3","1993",34,0.666666666666666,46
"213",14,"3","1993",36,0.433333333333332,40
"214",14,"3","1994",22,0.25,59
"215",14,"3","1994",23,0,50
"216",14,"3","1994",24,-0.0166666666666657,58
"217",14,"3","1994",38,0.483333333333334,34
"218",14,"3","1994",39,0,35
"219",14,"3","1994",40,0,49
"220",14,"3","1995",17,-0.233333333333334,36
"221",14,"3","1995",18,-0.133333333333333,29
"222",14,"3","1995",19,-0.649999999999999,25
"223",14,"3","1995",20,-0.366666666666667,25
"224",14,"3","1995",21,-0.466666666666669,23
"225",14,"3","1995",22,-0.133333333333329,25
"226",14,"3","1995",23,-0.749999999999996,19
"227",14,"3","1995",25,1.43333333333333,26
"228",14,"3","1996",17,-0.199999999999998,27
"229",14,"3","1996",18,-0.183333333333332,26
"230",14,"3","1996",19,0.0333333333333332,43
"231",14,"3","1996",22,-0.233333333333333,31
"232",14,"3","1996",24,-0.0500000000000007,27
"233",14,"3","1997",19,-0.750000000000007,44
"234",14,"3","1997",19,0.166666666666666,46
"235",14,"3","1997",20,0.0666666666666664,45
"236",14,"3","1997",21,-0.0166666666666639,51
"237",14,"3","1997",23,0.333333333333334,51
"238",14,"3","1997",24,0.466666666666665,63
"239",14,"3","1997",25,-0.133333333333331,46
"240",14,"3","1997",27,-0.216666666666667,18
"241",14,"3","1998",17,-0.133333333333333,12
"242",14,"3","1998",18,-0.566666666666663,16
"243",14,"3","1998",19,-0.916666666666668,28
"244",14,"3","1998",22,1.11666666666667,56
"245",14,"3","1998",23,0.416666666666664,46
"246",14,"3","1998",25,0.166666666666666,29
"247",14,"3","1999",17,-0.216666666666667,14
"248",14,"3","1999",18,-0.500000000000002,29
"249",14,"3","1999",19,-0.383333333333333,33
"250",14,"3","1999",23,-0.716666666666669,15
"251",14,"3","1999",24,-0.383333333333329,29
"252",14,"3","1999",25,-0.950000000000003,19
"253",14,"3","1999",26,0.75,37
"254",14,"3","2000",15,-1.65,16
"255",14,"3","2000",16,-0.183333333333334,24
"256",14,"3","2000",17,-0.166666666666668,18
"257",14,"3","2000",18,-0.150000000000004,19
"258",14,"3","2000",19,0,20
"259",14,"3","2000",20,-0.283333333333333,30
"260",14,"3","2001",17,0.0333333333333314,45
"261",14,"3","2001",21,-0.166666666666666,5
"262",14,"3","2001",22,-0.283333333333333,4
"263",14,"3","2001",23,0.233333333333334,6
"264",14,"3","2001",25,-0.583333333333334,6
"265",14,"3","2002",14,0.783333333333335,43
"266",14,"3","2002",15,0.0833333333333339,42
"267",14,"3","2002",16,0.283333333333335,37
"268",14,"3","2002",17,0.483333333333334,42
"269",14,"3","2002",18,-0.566666666666666,36
"270",14,"3","2002",19,-0.416666666666668,16
"271",15,"4","1990",28,1.21666666666667,39
"272",15,"4","1990",29,-0.15,23
"273",15,"4","1990",30,0.25,41
"274",15,"4","1990",31,-0.81666666666667,50
"275",15,"4","1990",32,-1.81666666666667,46
"276",15,"4","1990",35,-1.51666666666667,35
"277",15,"4","1991",22,-0.0166666666666657,78
"278",15,"4","1991",24,0.866666666666665,65
"279",15,"4","1991",26,-0.15,50
"280",15,"4","1991",29,0.0833333333333321,51
"281",15,"4","1991",30,-0.299999999999999,52
"282",15,"4","1991",31,0.383333333333335,73
"283",15,"4","1991",32,-0.183333333333335,70
"284",15,"4","1992",27,-1.86666666666667,65
"285",15,"4","1992",27,1.35,71
"286",15,"4","1992",28,1.2,43
"287",15,"4","1992",29,0.0666666666666682,51
"288",15,"4","1992",30,-0.300000000000001,37
"289",15,"4","1992",32,-0.35,59
"290",15,"4","1992",35,0.133333333333333,35
"291",15,"4","1992",37,-0.533333333333333,51
"292",15,"4","1993",24,-0.116666666666667,33
"293",15,"4","1993",25,0.0500000000000007,49
"294",15,"4","1993",26,-0.600000000000001,39
"295",15,"4","1993",27,-0.666666666666671,30
"296",15,"4","1993",28,-0.300000000000001,40
"297",15,"4","1993",34,0.783333333333331,48
"298",15,"4","1993",36,0.266666666666666,47
"299",15,"4","1994",22,0.100000000000001,61
"300",15,"4","1994",23,-0.166666666666666,63
"301",15,"4","1994",24,-0.166666666666666,68
"302",15,"4","1994",25,0,47
"303",15,"4","1994",38,0.233333333333333,36
"304",15,"4","1994",39,-0.15,23
"305",15,"4","1994",40,-0.183333333333334,28
"306",15,"4","1995",17,-0.416666666666668,44
"307",15,"4","1995",18,-0.300000000000001,28
"308",15,"4","1995",19,-0.816666666666668,23
"309",15,"4","1995",20,-0.550000000000001,31
"310",15,"4","1995",21,-0.699999999999999,16
"311",15,"4","1995",22,0.0166666666666693,31
"312",15,"4","1995",23,-0.600000000000001,35
"313",15,"4","1995",25,1.26666666666667,38
"314",15,"4","1996",17,-0.366666666666665,39
"315",15,"4","1996",18,-0.0166666666666657,42
"316",15,"4","1996",19,-0.133333333333335,42
"317",15,"4","1996",22,-0.399999999999999,36
"318",15,"4","1996",24,-0.216666666666667,37
"319",15,"4","1997",19,-0.933333333333337,10
"320",15,"4","1997",19,0.299999999999999,16
"321",15,"4","1997",20,-0.0666666666666664,12
"322",15,"4","1997",21,0.116666666666667,14
"323",15,"4","1997",23,0.183333333333334,16
"324",15,"4","1997",24,0.633333333333333,15
"325",15,"4","1997",25,-0.266666666666666,13
"326",15,"4","1997",27,-0.416666666666666,23
"327",15,"4","1998",17,0.033333333333335,42
"328",15,"4","1998",18,-0.733333333333331,28
"329",15,"4","1998",19,-0.783333333333335,28
"330",15,"4","1998",22,0.983333333333333,39
"331",15,"4","1998",23,0.266666666666664,37
"332",15,"4","1998",25,0.0500000000000007,40
"333",15,"4","1999",17,-0.433333333333332,62
"334",15,"4","1999",18,-0.683333333333335,63
"335",15,"4","1999",19,-0.533333333333333,46
"336",15,"4","1999",23,-0.600000000000001,64
"337",15,"4","1999",24,-0.266666666666662,37
"338",15,"4","1999",25,-1.11666666666667,29
"339",15,"4","1999",26,0.583333333333332,43
"340",15,"4","2000",15,-1.83333333333333,33
"341",15,"4","2000",16,-0.333333333333332,36
"342",15,"4","2000",17,-0.350000000000001,35
"343",15,"4","2000",18,0,30
"344",15,"4","2000",19,0.116666666666667,43
"345",15,"4","2000",20,-0.466666666666667,44
"346",15,"4","2001",17,0.316666666666666,21
"347",15,"4","2001",21,-0.0666666666666647,25
"348",15,"4","2001",22,-0.4,31
"349",15,"4","2001",23,0.433333333333334,28
"350",15,"4","2001",24,-0.949999999999998,27
"351",15,"4","2001",25,-0.666666666666668,26
"352",15,"4","2002",14,0.933333333333335,25
"353",15,"4","2002",15,-0.0333333333333332,35
"354",15,"4","2002",16,0.0833333333333339,26
"355",15,"4","2002",17,0.299999999999999,27
"356",15,"4","2002",18,-0.783333333333331,28
"357",15,"4","2002",19,-0.216666666666672,31
"358",16,"5","1990",28,1.36666666666667,151
"359",16,"5","1990",29,-0.266666666666666,109
"360",16,"5","1990",30,0.316666666666665,98
"361",16,"5","1990",31,-0.966666666666669,104
"362",16,"5","1990",32,-1.75,122
"363",16,"5","1990",35,-1.63333333333334,110
"364",16,"5","1990",42,0,113
"365",16,"5","1991",22,0.116666666666671,169
"366",16,"5","1991",24,0.816666666666666,94
"367",16,"5","1991",26,-0.25,88
"368",16,"5","1991",27,0.333333333333334,92
"369",16,"5","1991",28,-0.299999999999999,95
"370",16,"5","1991",29,0.133333333333333,98
"371",16,"5","1991",30,-0.416666666666666,145
"372",16,"5","1991",31,0.449999999999999,115
"373",16,"5","1991",32,-0.233333333333334,56
"374",16,"5","1992",27,1.45,74
"375",16,"5","1992",28,1.3,59
"376",16,"5","1992",29,-0.0333333333333332,56
"377",16,"5","1992",30,-0.200000000000003,51
"378",16,"5","1992",32,-0.25,63
"379",16,"5","1992",34,-0.816666666666668,37
"380",16,"5","1992",35,0.233333333333333,75
"381",16,"5","1992",37,-0.6,108
"382",16,"5","1993",24,-0.033333333333335,74
"383",16,"5","1993",26,-0.683333333333335,22
"384",16,"5","1993",27,-0.566666666666666,72
"385",16,"5","1993",28,-0.383333333333336,34
"386",16,"5","1993",36,0.149999999999999,69
"387",16,"5","1994",22,-0.0499999999999989,62
"388",16,"5","1994",23,-0.283333333333333,82
"389",16,"5","1994",24,-0.299999999999999,83
"390",16,"5","1994",25,-0.116666666666667,84
"391",16,"5","1994",38,0.133333333333333,49
"392",16,"5","1994",39,-0.216666666666669,35
"393",16,"5","1994",40,-0.250000000000002,70
"394",16,"5","1995",17,-0.533333333333333,159
"395",16,"5","1995",18,-0.416666666666666,170
"396",16,"5","1995",19,-0.950000000000001,152
"397",16,"5","1995",20,-0.65,143
"398",16,"5","1995",21,-0.800000000000004,139
"399",16,"5","1995",22,0.100000000000001,148
"400",16,"5","1995",23,-0.483333333333334,125
"401",16,"5","1995",25,1.16666666666667,91
"402",16,"5","1996",17,-0.499999999999998,172
"403",16,"5","1996",18,0.166666666666666,158
"404",16,"5","1996",19,-0.266666666666667,203
"405",16,"5","1996",22,-0.516666666666666,123
"406",16,"5","1996",24,-0.333333333333334,103
"407",16,"5","1997",19,0.366666666666665,76
"408",16,"5","1997",19,-1.05,90
"409",16,"5","1997",20,-0.183333333333334,81
"410",16,"5","1997",21,0.200000000000003,79
"411",16,"5","1997",23,0.100000000000001,77
"412",16,"5","1997",24,0.716666666666667,93
"413",16,"5","1997",25,-0.366666666666667,85
"414",16,"5","1997",27,-0.516666666666667,78
"415",16,"5","1998",17,0.183333333333337,165
"416",16,"5","1998",18,-0.816666666666666,171
"417",16,"5","1998",19,-0.666666666666668,142
"418",16,"5","1998",22,0.916666666666668,128
"419",16,"5","1998",23,0.166666666666666,102
"420",16,"5","1998",25,-0.0500000000000007,127
"421",16,"5","1999",17,-0.549999999999999,151
"422",16,"5","1999",18,-0.766666666666669,169
"423",16,"5","1999",19,-0.616666666666665,147
"424",16,"5","1999",23,-0.516666666666666,132
"425",16,"5","1999",24,-0.149999999999999,167
"426",16,"5","1999",25,-1.25,156
"427",16,"5","1999",26,0.433333333333332,124
"428",16,"5","2000",15,-1.91666666666667,139
"429",16,"5","2000",16,-0.416666666666666,109
"430",16,"5","2000",17,-0.416666666666668,103
"431",16,"5","2000",18,0.0833333333333321,78
"432",16,"5","2000",19,0.233333333333333,95
"433",16,"5","2000",20,-0.6,141
"434",16,"5","2001",17,0.483333333333334,152
"435",16,"5","2001",21,0.0666666666666682,61
"436",16,"5","2001",22,-0.483333333333333,126
"437",16,"5","2001",23,0.533333333333335,114
"438",16,"5","2001",24,-0.883333333333333,39
"439",16,"5","2001",25,-0.75,85
"440",16,"5","2002",14,1.05,144
"441",16,"5","2002",15,-0.0999999999999979,162
"442",16,"5","2002",16,-0.0666666666666664,184
"443",16,"5","2002",17,0.183333333333332,158
"444",16,"5","2002",18,-0.883333333333331,130
"445",16,"5","2002",19,-0.0666666666666735,99
"446",17,"6","1990",28,1.51666666666667,7
"447",17,"6","1990",29,-0.333333333333334,28
"448",17,"6","1990",30,0.383333333333333,29
"449",17,"6","1990",31,-1.05,47
"450",17,"6","1990",32,-1.68333333333333,14
"451",17,"6","1990",35,-1.7,13
"452",17,"6","1990",38,1.01666666666667,24
"453",17,"6","1990",42,-0.116666666666669,24
"454",17,"6","1991",22,0.200000000000003,10
"455",17,"6","1991",24,0.716666666666665,40
"456",17,"6","1991",26,-0.349999999999998,33
"457",17,"6","1991",27,0.416666666666666,29
"458",17,"6","1991",28,-0.4,24
"459",17,"6","1991",29,0.266666666666666,29
"460",17,"6","1991",30,-0.5,15
"461",17,"6","1991",32,-0.333333333333334,19
"462",17,"6","1992",27,1.53333333333333,40
"463",17,"6","1992",27,-2.01666666666667,42
"464",17,"6","1992",28,1.36666666666667,24
"465",17,"6","1992",29,-0.133333333333335,49
"466",17,"6","1992",30,-0.100000000000001,36
"467",17,"6","1992",32,-0.166666666666668,23
"468",17,"6","1992",34,-0.9,46
"469",17,"6","1992",35,0.316666666666665,46
"470",17,"6","1992",37,-0.666666666666668,29
"471",17,"6","1993",24,0.0499999999999989,28
"472",17,"6","1993",26,-0.766666666666667,12
"473",17,"6","1993",27,-0.5,20
"474",17,"6","1993",28,-0.466666666666669,19
"475",17,"6","1993",34,0.933333333333332,52
"476",17,"6","1993",36,0.0499999999999989,38
"477",17,"6","1994",22,-0.116666666666667,30
"478",17,"6","1994",23,-0.366666666666665,27
"479",17,"6","1994",24,-0.366666666666667,44
"480",17,"6","1994",25,-0.15,40
"481",17,"6","1994",38,0.0833333333333321,20
"482",17,"6","1994",39,-0.283333333333333,9
"483",17,"6","1994",40,-0.316666666666666,20
"484",17,"6","1995",17,-0.583333333333334,13
"485",17,"6","1995",18,-0.449999999999999,10
"486",17,"6","1995",19,-1,10
"487",17,"6","1995",20,-0.733333333333334,12
"488",17,"6","1995",21,-0.866666666666671,0
"489",17,"6","1995",22,0.216666666666669,5
"490",17,"6","1995",23,-0.366666666666667,11
"491",17,"6","1995",25,1.11666666666667,30
"492",17,"6","1996",17,-0.566666666666665,11
"493",17,"6","1996",18,0.216666666666669,16
"494",17,"6","1996",19,-0.300000000000001,11
"495",17,"6","1996",22,-0.583333333333334,15
"496",17,"6","1996",24,-0.366666666666667,13
"497",17,"6","1997",19,-1.1,6
"498",17,"6","1997",19,0.466666666666667,29
"499",17,"6","1997",20,-0.233333333333333,26
"500",17,"6","1997",21,0.31666666666667,29
"501",17,"6","1997",23,0.0333333333333332,27
"502",17,"6","1997",24,0.799999999999999,20
"503",17,"6","1997",25,-0.416666666666666,20
"504",17,"6","1997",27,-0.566666666666666,0
"505",17,"6","1998",17,0.25,4
"506",17,"6","1998",18,-0.883333333333329,0
"507",17,"6","1998",19,-0.550000000000001,6
"508",17,"6","1998",22,0.833333333333332,20
"509",17,"6","1998",23,0.116666666666665,31
"510",17,"6","1998",25,-0.0999999999999996,17
"511",17,"6","1999",17,-0.616666666666667,11
"512",17,"6","1999",18,-0.833333333333334,21
"513",17,"6","1999",19,-0.683333333333334,12
"514",17,"6","1999",23,-0.399999999999999,10
"515",17,"6","1999",24,-0.033333333333335,9
"516",17,"6","1999",25,-1.3,7
"517",17,"6","1999",26,0.383333333333333,30
"518",17,"6","2000",15,-1.98333333333333,3
"519",17,"6","2000",16,-0.466666666666665,19
"520",17,"6","2000",17,-0.483333333333336,26
"521",17,"6","2000",18,0.166666666666666,28
"522",17,"6","2000",19,0.316666666666666,17
"523",17,"6","2000",20,-0.65,14
"524",17,"6","2001",18,1.18333333333333,17
"525",17,"6","2001",22,-0.6,14
"526",17,"6","2001",23,0.616666666666667,32
"527",17,"6","2001",24,-1.1,12
"528",17,"6","2001",25,-0.850000000000001,10
"529",17,"6","2002",14,1.16666666666667,9
"530",17,"6","2002",15,-0.216666666666665,14
"531",17,"6","2002",16,-0.133333333333333,11
"532",17,"6","2002",17,0.0166666666666675,8
"533",17,"6","2002",18,-1.08333333333333,4
"534",17,"6","2002",19,-0.0166666666666693,6
"535",18,"7","1990",29,-0.533333333333333,45
"536",18,"7","1990",30,0.566666666666665,36
"537",18,"7","1991",22,0.416666666666668,235
"538",18,"7","1991",24,0.5,213
"539",18,"7","1991",26,-0.533333333333333,211
"540",18,"7","1991",27,0.583333333333336,54
"541",18,"7","1991",29,0.416666666666666,24
"542",18,"7","1991",30,-0.683333333333334,36
"543",18,"7","1991",31,0.683333333333335,31
"544",18,"7","1991",32,-0.533333333333333,35
"545",18,"7","1992",27,-2.18333333333334,46
"546",18,"7","1992",27,1.73333333333333,116
"547",18,"7","1992",28,1.6,92
"548",18,"7","1992",29,-0.316666666666666,100
"549",18,"7","1992",30,0.133333333333333,106
"550",18,"7","1992",32,0.0500000000000007,119
"551",18,"7","1992",35,0.533333333333333,26
"552",18,"7","1992",37,-0.866666666666665,17
"553",18,"7","1993",24,0.266666666666666,207
"554",18,"7","1993",26,-0.933333333333334,213
"555",18,"7","1993",27,-0.300000000000001,54
"556",18,"7","1993",28,-0.650000000000002,69
"557",18,"7","1993",36,-0.133333333333335,47
"558",18,"7","1994",22,-0.266666666666666,108
"559",18,"7","1994",23,-0.533333333333333,107
"560",18,"7","1994",24,-0.533333333333333,104
"561",18,"7","1994",25,-0.366666666666667,60
"562",18,"7","1994",38,-0.116666666666665,29
"563",18,"7","1994",39,-0.466666666666667,29
"564",18,"7","1994",40,-0.483333333333334,47
"565",18,"7","1995",17,-0.799999999999999,170
"566",18,"7","1995",18,-0.666666666666668,174
"567",18,"7","1995",19,-1.16666666666667,71
"568",18,"7","1995",20,-0.966666666666667,71
"569",18,"7","1995",21,-1.08333333333334,69
"570",18,"7","1995",22,0.400000000000002,51
"571",18,"7","1995",25,0.849999999999998,97
"572",18,"7","1996",17,-0.800000000000001,65
"573",18,"7","1996",18,0.316666666666666,88
"574",18,"7","1996",19,-0.466666666666667,69
"575",18,"7","1996",22,-0.766666666666666,37
"576",18,"7","1996",24,-0.566666666666666,0
"577",18,"7","1997",19,-1.28333333333333,113
"578",18,"7","1997",19,0.683333333333332,117
"579",18,"7","1997",20,-0.4,119
"580",18,"7","1997",21,0.483333333333336,107
"581",18,"7","1997",23,-0.15,37
"582",18,"7","1997",25,-0.633333333333333,43
"583",18,"7","1997",27,-0.783333333333333,52
"584",18,"7","1998",17,0.416666666666664,113
"585",18,"7","1998",18,-1.06666666666666,137
"586",18,"7","1998",19,-0.399999999999999,36
"587",18,"7","1998",22,0.700000000000001,87
"588",18,"7","1998",23,-0.0833333333333339,106
"589",18,"7","1998",25,-0.266666666666666,99
"590",18,"7","1999",17,-0.816666666666666,70
"591",18,"7","1999",18,-1.01666666666667,51
"592",18,"7","1999",19,-0.866666666666665,106
"593",18,"7","1999",23,-0.200000000000003,60
"594",18,"7","1999",24,0.133333333333333,87
"595",18,"7","1999",25,-1.48333333333333,85
"596",18,"7","1999",26,0.199999999999999,44
"597",18,"7","2000",15,-2.16666666666666,32
"598",18,"7","2000",16,-0.666666666666668,75
"599",18,"7","2000",17,-0.633333333333335,59
"600",18,"7","2000",18,0.333333333333332,63
"601",18,"7","2000",19,0.5,39
"602",18,"7","2000",20,-0.816666666666668,58
"603",18,"7","2001",17,0.68333333333333,19
"604",18,"7","2001",18,1.35,63
"605",18,"7","2001",21,0.200000000000001,66
"606",18,"7","2001",22,-0.966666666666667,60
"607",18,"7","2001",23,0.85,41
"608",18,"7","2001",24,-1.15,48
"609",18,"7","2001",25,-1.08333333333334,78
"610",18,"7","2002",14,1.33333333333334,100
"611",18,"7","2002",15,-0.4,130
"612",18,"7","2002",16,-0.316666666666666,139
"613",18,"7","2002",17,-0.199999999999999,81
"614",18,"7","2002",18,-1.3,114
"615",18,"7","2002",19,0.249999999999993,133
"616",19,"8","1990",29,-0.483333333333334,15
"617",19,"8","1990",30,0.516666666666666,21
"618",19,"8","1990",31,-1.15,32
"619",19,"8","1990",32,-1.56666666666667,27
"620",19,"8","1990",42,-0.433333333333334,46
"621",19,"8","1991",22,0.316666666666666,26
"622",19,"8","1991",24,0.6,17
"623",19,"8","1991",26,-0.466666666666665,0
"624",19,"8","1991",27,0.516666666666667,2
"625",19,"8","1991",28,-0.499999999999998,6
"626",19,"8","1991",29,0.333333333333332,6
"627",19,"8","1991",30,-0.416666666666666,32
"628",19,"8","1991",32,-0.433333333333334,34
"629",19,"8","1992",27,1.65,18
"630",19,"8","1992",27,-2.13333333333334,71
"631",19,"8","1992",28,1.46666666666667,62
"632",19,"8","1992",30,0.0333333333333314,55
"633",19,"8","1992",32,-0.0666666666666664,56
"634",19,"8","1992",34,-1.01666666666667,60
"635",19,"8","1992",35,0.433333333333332,52
"636",19,"8","1992",37,-0.816666666666666,64
"637",19,"8","1993",24,0.149999999999999,31
"638",19,"8","1993",26,-0.883333333333335,56
"639",19,"8","1993",27,-0.400000000000002,54
"640",19,"8","1993",28,-0.566666666666666,58
"641",19,"8","1993",34,1.05,22
"642",19,"8","1993",36,-0.0666666666666682,66
"643",19,"8","1994",22,-0.199999999999999,20
"644",19,"8","1994",23,-0.466666666666667,16
"645",19,"8","1994",24,-0.449999999999999,13
"646",19,"8","1994",25,-0.283333333333333,26
"647",19,"8","1994",38,0,48
"648",19,"8","1994",39,-0.383333333333335,41
"649",19,"8","1994",40,-0.4,44
"650",19,"8","1995",17,-0.716666666666667,27
"651",19,"8","1995",18,-0.583333333333332,26
"652",19,"8","1995",19,-1.1,39
"653",19,"8","1995",20,-0.866666666666667,47
"654",19,"8","1995",21,-1,49
"655",19,"8","1995",22,0.300000000000004,37
"656",19,"8","1995",23,-0.233333333333334,33
"657",19,"8","1995",25,1.01666666666667,50
"658",19,"8","1996",17,-0.716666666666665,45
"659",19,"8","1996",18,0.383333333333335,36
"660",19,"8","1996",19,-0.416666666666668,10
"661",19,"8","1996",22,-0.683333333333332,41
"662",19,"8","1996",24,-0.5,14
"663",19,"8","1997",19,-1.18333333333334,13
"664",19,"8","1997",19,0.549999999999999,47
"665",19,"8","1997",20,-0.333333333333334,47
"666",19,"8","1997",21,0.383333333333335,44
"667",19,"8","1997",23,-0.0666666666666664,39
"668",19,"8","1997",24,0.9,50
"669",19,"8","1997",25,-0.549999999999999,54
"670",19,"8","1997",27,-0.699999999999999,68
"671",19,"8","1998",17,0.316666666666666,13
"672",19,"8","1998",18,-1,12
"673",19,"8","1998",19,-0.483333333333338,21
"674",19,"8","1998",22,0.75,42
"675",19,"8","1998",23,0.0166666666666657,41
"676",19,"8","1998",25,-0.166666666666668,24
"677",19,"8","1999",17,-0.733333333333331,22
"678",19,"8","1999",18,-0.916666666666668,19
"679",19,"8","1999",19,-0.766666666666666,6
"680",19,"8","1999",23,-0.283333333333335,24
"681",19,"8","1999",24,0.06666666666667,17
"682",19,"8","1999",25,-1.4,28
"683",19,"8","1999",26,0.299999999999999,44
"684",19,"8","2000",15,-2.06666666666667,32
"685",19,"8","2000",16,-0.583333333333332,29
"686",19,"8","2000",17,-0.566666666666668,21
"687",19,"8","2000",18,0.249999999999996,37
"688",19,"8","2000",19,0.416666666666668,49
"689",19,"8","2000",20,-0.733333333333333,37
"690",19,"8","2001",18,1.51666666666667,23
"691",19,"8","2001",22,-0.833333333333334,31
"692",19,"8","2001",23,0.766666666666667,30
"693",19,"8","2001",25,-0.950000000000001,43
"694",19,"8","2002",14,1.25,16
"695",19,"8","2002",15,-0.316666666666666,42
"696",19,"8","2002",16,-0.233333333333331,47
"697",19,"8","2002",17,-0.0833333333333339,32
"698",19,"8","2002",18,-1.16666666666666,10
"699",19,"8","2002",19,0.116666666666664,22
"700",20,"9","1990",29,-0.716666666666667,79
"701",20,"9","1990",30,1.31666666666666,131
"702",20,"9","1990",32,-1,119
"703",20,"9","1990",38,1.21666666666667,95
"704",20,"9","1990",42,-0.600000000000003,96
"705",20,"9","1991",22,0.483333333333331,75
"706",20,"9","1991",24,0.383333333333333,96
"707",20,"9","1991",26,-0.616666666666665,98
"708",20,"9","1991",27,0.65,75
"709",20,"9","1991",28,-0.683333333333332,129
"710",20,"9","1991",29,0.5,152
"711",20,"9","1991",31,0.75,139
"712",20,"9","1991",32,-0.683333333333334,104
"713",20,"9","1992",27,1.8,53
"714",20,"9","1992",27,-2.26666666666667,67
"715",20,"9","1992",28,1.65,49
"716",20,"9","1992",29,-0.433333333333334,81
"717",20,"9","1992",30,0.199999999999998,73
"718",20,"9","1992",32,0.0833333333333339,83
"719",20,"9","1992",34,-1.23333333333334,57
"720",20,"9","1992",35,0.616666666666665,63
"721",20,"9","1992",37,-0.966666666666667,35
"722",20,"9","1993",24,0.299999999999999,102
"723",20,"9","1993",26,-1.08333333333333,114
"724",20,"9","1993",27,-0.25,127
"725",20,"9","1993",28,-0.833333333333336,113
"726",20,"9","1993",34,1.2,108
"727",20,"9","1993",36,-0.300000000000001,121
"728",20,"9","1994",22,-0.399999999999999,106
"729",20,"9","1994",23,-0.666666666666668,76
"730",20,"9","1994",24,-0.633333333333331,114
"731",20,"9","1994",25,-0.466666666666667,117
"732",20,"9","1994",38,-0.216666666666667,57
"733",20,"9","1994",39,-0.533333333333335,42
"734",20,"9","1994",40,-0.583333333333334,49
"735",20,"9","1995",17,-0.9,88
"736",20,"9","1995",18,-0.783333333333335,90
"737",20,"9","1995",19,-1.3,80
"738",20,"9","1995",20,-1.05,86
"739",20,"9","1995",21,-1.23333333333333,45
"740",20,"9","1995",22,0.450000000000003,102
"741",20,"9","1995",23,-0.0499999999999972,94
"742",20,"9","1995",25,0.766666666666666,102
"743",20,"9","1996",17,-0.899999999999999,80
"744",20,"9","1996",18,0.516666666666667,90
"745",20,"9","1996",19,-0.633333333333333,75
"746",20,"9","1996",22,-0.916666666666666,99
"747",20,"9","1996",24,-0.666666666666666,85
"748",20,"9","1997",19,0.766666666666666,57
"749",20,"9","1997",19,-1.38333333333334,84
"750",20,"9","1997",20,-0.516666666666666,50
"751",20,"9","1997",21,0.550000000000001,66
"752",20,"9","1997",23,-0.299999999999999,93
"753",20,"9","1997",24,1.1,88
"754",20,"9","1997",25,-0.699999999999999,74
"755",20,"9","1997",27,-0.85,74
"756",20,"9","1998",17,0.5,121
"757",20,"9","1998",18,-1.15,115
"758",20,"9","1998",19,-0.350000000000001,135
"759",20,"9","1998",22,1.56666666666667,134
"760",20,"9","1998",23,-0.166666666666668,118
"761",20,"9","1998",25,-0.333333333333334,147
"762",20,"9","1999",17,-0.949999999999999,86
"763",20,"9","1999",18,-1.1,134
"764",20,"9","1999",19,-0.983333333333333,107
"765",20,"9","1999",23,-0.116666666666667,132
"766",20,"9","1999",24,0.233333333333331,145
"767",20,"9","1999",25,-1.56666666666667,62
"768",20,"9","1999",26,0.0999999999999996,136
"769",20,"9","2000",15,-2.26666666666667,71
"770",20,"9","2000",16,-0.766666666666666,130
"771",20,"9","2000",17,-0.75,137
"772",20,"9","2000",18,0.366666666666664,112
"773",20,"9","2000",19,0.533333333333331,161
"774",20,"9","2000",20,-0.933333333333335,155
"775",20,"9","2001",21,0.4,108
"776",20,"9","2001",22,-1.11666666666667,118
"777",20,"9","2001",23,1.01666666666667,144
"778",20,"9","2001",24,-1.3,95
"779",20,"9","2001",25,-1.23333333333333,88
"780",20,"9","2002",14,1.4,107
"781",20,"9","2002",15,-0.516666666666666,116
"782",20,"9","2002",16,-0.466666666666665,87
"783",20,"9","2002",17,-0.300000000000001,99
"784",20,"9","2002",18,-1.36666666666667,68
"785",20,"9","2002",19,0.416666666666664,74
"786",21,"10","1990",28,2.5,39
"787",21,"10","1990",29,-0.783333333333335,52
"788",21,"10","1990",30,1.48333333333333,57
"789",21,"10","1990",31,-1.38333333333333,48
"790",21,"10","1990",32,-0.833333333333332,59
"791",21,"10","1990",35,-1.93333333333333,39
"792",21,"10","1990",38,1.36666666666667,42
"793",21,"10","1990",42,-0.666666666666668,55
"794",21,"10","1991",22,0.600000000000001,32
"795",21,"10","1991",24,0.333333333333334,57
"796",21,"10","1991",26,-0.666666666666668,45
"797",21,"10","1991",27,0.783333333333333,50
"798",21,"10","1991",28,-0.75,51
"799",21,"10","1991",30,-0.799999999999999,43
"800",21,"10","1991",31,0.9,44
"801",21,"10","1991",32,-0.750000000000002,53
"802",21,"10","1992",27,1.91666666666667,52
"803",21,"10","1992",27,-2.35,54
"804",21,"10","1992",28,1.76666666666667,46
"805",21,"10","1992",29,-0.483333333333333,53
"806",21,"10","1992",30,0.316666666666665,47
"807",21,"10","1992",32,0.216666666666667,39
"808",21,"10","1992",34,-1.28333333333333,32
"809",21,"10","1992",35,0.749999999999998,31
"810",21,"10","1992",37,-1.03333333333333,28
"811",21,"10","1993",24,0.449999999999999,0
"812",21,"10","1993",26,-1.15,14
"813",21,"10","1993",27,-0.0333333333333314,17
"814",21,"10","1993",28,-0.900000000000002,19
"815",21,"10","1993",34,1.33333333333333,16
"816",21,"10","1993",36,-0.35,19
"817",21,"10","1994",22,-0.466666666666665,40
"818",21,"10","1994",23,-0.716666666666667,41
"819",21,"10","1994",24,-0.716666666666667,48
"820",21,"10","1994",25,-0.566666666666666,42
"821",21,"10","1994",38,-0.266666666666666,26
"822",21,"10","1994",39,-0.583333333333334,30
"823",21,"10","1994",40,-0.666666666666668,32
"824",21,"10","1995",17,-0.966666666666669,51
"825",21,"10","1995",18,-0.85,38
"826",21,"10","1995",23,0.0333333333333314,36
"827",21,"10","1995",25,0.699999999999999,25
"828",21,"10","1996",17,-0.966666666666665,37
"829",21,"10","1996",18,0.633333333333335,42
"830",21,"10","1996",19,-0.683333333333334,38
"831",21,"10","1996",22,-0.966666666666667,48
"832",21,"10","1996",23,-0.15,42
"833",21,"10","1996",24,-0.733333333333334,39
"834",21,"10","1997",19,-1.46666666666667,20
"835",21,"10","1997",19,0.866666666666667,33
"836",21,"10","1997",20,-0.566666666666665,26
"837",21,"10","1997",21,0.733333333333336,33
"838",21,"10","1997",23,-0.349999999999998,27
"839",21,"10","1997",24,1.15,3
"840",21,"10","1997",25,-0.799999999999999,20
"841",21,"10","1997",27,-0.933333333333334,21
"842",21,"10","1998",17,0.616666666666667,21
"843",21,"10","1998",18,-1.28333333333333,15
"844",21,"10","1998",19,-0.233333333333334,20
"845",21,"10","1998",22,0.516666666666666,31
"846",21,"10","1998",23,-0.233333333333334,30
"847",21,"10","1998",25,-0.383333333333333,35
"848",21,"10","1999",17,-1.01666666666667,5
"849",21,"10","1999",18,-1.2,21
"850",21,"10","1999",19,-1.03333333333333,25
"851",21,"10","1999",23,-0.0166666666666693,38
"852",21,"10","1999",24,0.333333333333332,28
"853",21,"10","1999",25,-1.68333333333334,24
"854",21,"10","1999",26,0.0333333333333323,36
"855",21,"10","2000",15,-2.33333333333333,31
"856",21,"10","2000",16,-0.85,56
"857",21,"10","2000",17,-0.833333333333334,42
"858",21,"10","2000",18,0.499999999999998,35
"859",21,"10","2000",19,0.666666666666664,25
"860",21,"10","2000",20,-1,36
"861",21,"10","2001",21,0.666666666666668,25
"862",21,"10","2001",22,-1.28333333333333,22
"863",21,"10","2001",23,1.1,38
"864",21,"10","2001",24,-1.38333333333333,17
"865",21,"10","2001",25,-1.33333333333334,44
"866",21,"10","2002",14,1.53333333333333,39
"867",21,"10","2002",15,-0.616666666666665,47
"868",21,"10","2002",16,-0.533333333333333,44
"869",21,"10","2002",17,-0.433333333333334,31
"870",21,"10","2002",18,-1.48333333333333,35
"871",21,"10","2002",19,0.533333333333331,33
"872",23,"11","1990",28,2.66666666666667,7
"873",23,"11","1990",29,-0.983333333333333,16
"874",23,"11","1990",30,1.58333333333333,18
"875",23,"11","1990",31,-1.51666666666667,11
"876",23,"11","1990",32,-0.683333333333334,13
"877",23,"11","1990",35,-2.08333333333333,1
"878",23,"11","1990",38,1.48333333333333,9
"879",23,"11","1990",42,-0.800000000000002,10
"880",23,"11","1991",22,0.783333333333339,26
"881",23,"11","1991",24,0.2,25
"882",23,"11","1991",26,-0.783333333333332,25
"883",23,"11","1991",27,0.9,26
"884",23,"11","1991",28,-0.883333333333333,18
"885",23,"11","1991",29,0.716666666666665,28
"886",23,"11","1991",30,-1,13
"887",23,"11","1991",31,1.03333333333333,25
"888",23,"11","1991",32,-0.883333333333335,1
"889",23,"11","1992",27,-2.45000000000001,20
"890",23,"11","1992",27,2.11666666666667,30
"891",23,"11","1992",28,1.9,28
"892",23,"11","1992",29,-0.616666666666667,19
"893",23,"11","1992",30,0.433333333333332,19
"894",23,"11","1992",32,0.35,29
"895",23,"11","1992",34,-1.41666666666667,23
"896",23,"11","1992",35,0.866666666666665,27
"897",23,"11","1992",37,-1.13333333333333,21
"898",23,"11","1993",24,0.566666666666665,24
"899",23,"11","1993",26,-1.28333333333333,11
"900",23,"11","1993",27,0.0999999999999979,22
"901",23,"11","1993",28,-1,23
"902",23,"11","1993",34,1.45,34
"903",23,"11","1993",36,-0.5,16
"904",23,"11","1994",22,-0.583333333333332,42
"905",23,"11","1994",23,-0.866666666666667,58
"906",23,"11","1994",24,-0.833333333333334,56
"907",23,"11","1994",25,-0.733333333333333,53
"908",23,"11","1994",38,-0.4,27
"909",23,"11","1994",39,-0.700000000000001,33
"910",23,"11","1994",40,-0.783333333333335,44
"911",23,"11","1995",17,-1.1,90
"912",23,"11","1995",18,-0.949999999999999,84
"913",23,"11","1995",19,-1.48333333333333,49
"914",23,"11","1995",20,-1.25,62
"915",23,"11","1995",21,-1.48333333333334,26
"916",23,"11","1995",22,0.683333333333337,62
"917",23,"11","1995",23,0.166666666666668,57
"918",23,"11","1995",25,0.549999999999999,59
"919",23,"11","1996",17,-1.1,50
"920",23,"11","1996",18,0.75,59
"921",23,"11","1996",19,-0.800000000000001,58
"922",23,"11","1996",22,-1.08333333333333,51
"923",23,"11","1996",23,-0.266666666666667,48
"924",23,"11","1996",24,-0.883333333333333,45
"925",23,"11","1997",19,-1.6,41
"926",23,"11","1997",19,0.966666666666665,48
"927",23,"11","1997",20,-0.699999999999999,45
"928",23,"11","1997",21,0.833333333333336,40
"929",23,"11","1997",23,-0.483333333333333,41
"930",23,"11","1997",24,1.25,29
"931",23,"11","1997",25,-0.916666666666666,29
"932",23,"11","1997",27,-1.03333333333333,37
"933",23,"11","1998",17,0.733333333333334,60
"934",23,"11","1998",18,-1.4,51
"935",23,"11","1998",19,-0.133333333333333,48
"936",23,"11","1998",22,0.383333333333333,45
"937",23,"11","1998",23,-0.333333333333336,52
"938",23,"11","1998",25,-0.483333333333333,57
"939",23,"11","1999",17,-1.15,42
"940",23,"11","1999",18,-1.31666666666667,54
"941",23,"11","1999",19,-1.13333333333333,61
"942",23,"11","1999",23,0.0833333333333321,55
"943",23,"11","1999",24,0.43333333333333,60
"944",23,"11","1999",25,-1.78333333333333,46
"945",23,"11","1999",26,-0.0666666666666673,54
"946",23,"11","2000",15,-2.41666666666667,19
"947",23,"11","2000",16,-0.933333333333334,41
"948",23,"11","2000",17,-0.933333333333335,29
"949",23,"11","2000",18,0.599999999999998,42
"950",23,"11","2000",19,0.75,47
"951",23,"11","2000",20,-1.11666666666667,32
"952",23,"11","2001",21,0.850000000000001,30
"953",23,"11","2001",22,-1.38333333333333,44
"954",23,"11","2001",23,1.23333333333333,50
"955",23,"11","2001",24,-1.55,24
"956",23,"11","2001",25,-1.46666666666667,48
"957",23,"11","2002",14,1.66666666666667,80
"958",23,"11","2002",15,-0.733333333333333,49
"959",23,"11","2002",16,-0.649999999999999,49
"960",23,"11","2002",17,-0.533333333333333,47
"961",23,"11","2002",18,-1.58333333333333,44
"962",23,"11","2002",19,0.68333333333333,64
"963",24,"12","1990",28,2.71666666666667,25
"964",24,"12","1990",29,-1.06666666666667,58
"965",24,"12","1990",30,1.68333333333333,48
"966",24,"12","1990",31,-1.6,53
"967",24,"12","1990",32,-0.650000000000002,51
"968",24,"12","1990",35,-2.16666666666667,43
"969",24,"12","1990",38,1.56666666666667,6
"970",24,"12","1990",42,-0.866666666666669,56
"971",24,"12","1991",22,0.850000000000001,68
"972",24,"12","1991",24,0.133333333333334,58
"973",24,"12","1991",26,-0.883333333333333,56
"974",24,"12","1991",27,0.983333333333333,56
"975",24,"12","1991",28,-0.966666666666665,81
"976",24,"12","1991",29,0.783333333333333,42
"977",24,"12","1991",30,-1.08333333333333,47
"978",24,"12","1991",31,1.11666666666667,43
"979",24,"12","1991",32,-0.950000000000001,49
"980",24,"12","1992",27,2.18333333333333,47
"981",24,"12","1992",27,-2.55,67
"982",24,"12","1992",28,1.98333333333334,50
"983",24,"12","1992",29,-0.716666666666667,64
"984",24,"12","1992",30,0.516666666666666,63
"985",24,"12","1992",32,0.449999999999999,50
"986",24,"12","1992",34,-1.55,57
"987",24,"12","1992",35,0.966666666666667,56
"988",24,"12","1992",37,-1.21666666666667,59
"989",24,"12","1993",24,0.666666666666664,87
"990",24,"12","1993",26,-1.35,54
"991",24,"12","1993",27,0.183333333333334,59
"992",24,"12","1993",28,-1.1,71
"993",24,"12","1993",34,1.55,32
"994",24,"12","1994",22,-0.699999999999999,66
"995",24,"12","1994",23,-0.933333333333334,57
"996",24,"12","1994",24,-0.883333333333333,55
"997",24,"12","1994",25,-0.816666666666668,59
"998",24,"12","1994",38,-0.483333333333334,12
"999",24,"12","1994",39,-0.800000000000001,16
"1000",24,"12","1994",40,-0.85,0
"1001",24,"12","1995",17,-1.21666666666667,36
"1002",24,"12","1995",18,-1.08333333333333,37
"1003",24,"12","1995",19,-1.55,32
"1004",24,"12","1995",20,-1.31666666666667,24
"1005",24,"12","1995",21,-1.56666666666667,24
"1006",24,"12","1995",22,0.800000000000004,20
"1007",24,"12","1995",23,-9.76666666666667,22
"1008",24,"12","1996",17,-1.15,33
"1009",24,"12","1996",18,0.833333333333334,33
"1010",24,"12","1996",19,-0.866666666666667,40
"1011",24,"12","1996",22,-1.13333333333333,24
"1012",24,"12","1996",23,-0.333333333333336,17
"1013",24,"12","1996",24,-0.950000000000001,34
"1014",24,"12","1997",19,1.01666666666667,34
"1015",24,"12","1997",19,-1.65,41
"1016",24,"12","1997",20,-0.783333333333333,29
"1017",24,"12","1997",21,0.883333333333335,42
"1018",24,"12","1997",23,-0.566666666666666,42
"1019",24,"12","1997",24,1.3,40
"1020",24,"12","1997",25,-0.983333333333333,35
"1021",24,"12","1997",27,-1.08333333333333,38
"1022",24,"12","1998",17,0.816666666666666,36
"1023",24,"12","1998",18,-1.45,27
"1024",24,"12","1998",19,-0.0666666666666664,22
"1025",24,"12","1998",22,0.300000000000001,36
"1026",24,"12","1998",23,-0.4,42
"1027",24,"12","1998",25,-0.583333333333334,32
"1028",24,"12","1999",17,-1.2,29
"1029",24,"12","1999",18,-1.38333333333333,35
"1030",24,"12","1999",19,-1.23333333333333,30
"1031",24,"12","1999",23,0.149999999999995,18
"1032",24,"12","1999",24,0.5,35
"1033",24,"12","1999",25,-1.85,31
"1034",24,"12","1999",26,-0.116666666666667,27
"1035",24,"12","2000",15,-2.5,12
"1036",24,"12","2000",16,-1,15
"1037",24,"12","2000",17,-0.983333333333334,1
"1038",24,"12","2000",18,0.683333333333332,19
"1039",24,"12","2000",19,0.816666666666665,13
"1040",24,"12","2000",20,-1.16666666666667,14
"1041",24,"12","2001",21,1.05,6
"1042",24,"12","2001",22,-1.5,14
"1043",24,"12","2001",24,-1.61666666666667,5
"1044",24,"12","2001",25,-1.51666666666667,18
"1045",24,"12","2002",14,1.75,9
"1046",24,"12","2002",15,-0.799999999999997,24
"1047",24,"12","2002",16,-0.733333333333333,24
"1048",24,"12","2002",17,-0.633333333333333,18
"1049",24,"12","2002",18,-1.65,20
"1050",24,"12","2002",19,0.783333333333328,20
